ID,ORF,GB_ACC,Target.Region,SEQUENCE,Customer.Identifier,SPOT_ID
AJ294735.1:15,IGKC,AJ294735.1,16-115,TCTGTCTTCATCTTCCCGCCATCTGATGAGCAGTTGAAATCTGGAACTGCCTCTGTTGTGTGCCTGCTGAATAACTTCTATCCCAGAGAGGCCAAAGTAC,IGKC,
ENST00000390559.1:246,IGHM,ENST00000390559.1,247-346,GACGAACACGTGGTGTGCAAAGTCCAGCACCCCAACGGCAACAAAGAAAAGAACGTGCCTCTTCCAGTGATTGCCGAGCTGCCTCCCAAAGTGAGCGTCT,IGHM,
NM_000038.3:6850,APC,NM_000038.3,6851-6950,AAACAGCCACCACTTCTCCTAGAGGAGCCAAGCCATCTGTGAAATCAGAATTAAGCCCTGTTGCCAGGCAGACATCCCAAATAGGTGGGTCAAGTAAAGC,APC,
NM_000051.3:1561,ATM,NM_000051.3,1562-1661,TGGGAAGTAATAAAAGATCACCTTCAGAAGTCACAGAATGATTTTGATCTTGTGCCTTGGCTACAGATTGCAACCCAATTAATATCAAAGTATCCTGCAA,ATM,
NM_000055.2:1445,BCHE,NM_000055.2,1446-1545,CTGCCTTGGAGTTCACCAAGAAGTTCTCAGAATGGGGAAATAATGCCTTTTTCTACTATTTTGAACACCGATCCTCCAAACTTCCGTGGCCAGAATGGAT,BCHE,
NM_000059.3:115,BRCA2,NM_000059.3,116-215,GGGGACAGATTTGTGACCGGCGCGGTTTTTGTCAGCTTACTCCGGCCAAAAAAGAACTGCACCTCTGGAGCGGACTTATTTACCAAGCATTGGAGGAATA,BRCA2,
NM_000075.2:1055,CDK4,NM_000075.2,1056-1155,ACTTTTAACCCACACAAGCGAATCTCTGCCTTTCGAGCTCTGCAGCACTCTTATCTACATAAGGATGAAGGTAATCCGGAGTGAGCAATGGAGTGGCTGC,CDK4,
NM_000077.4:673,CDKN2A,NM_000077.4,674-773,ATCGCGATGTCGCACGGTACCTGCGCGCGGCTGCGGGGGGCACCAGAGGCAGTAACCATGCCCGCATAGATGCCGCGGAAGGTCCCTCAGACATCCCCGA,CDKN2A,
NM_000089.3:2635,COL1A2,NM_000089.3,2636-2735,CCAATGGATTTGCTGGTCCTGCTGGTGCTGCTGGTCAACCTGGTGCTAAAGGAGAAAGAGGAGCCAAAGGGCCTAAGGGTGAAAACGGTGTTGTTGGTCC,COL1A2,
NM_000090.3:180,COL3A1,NM_000090.3,181-280,TTGGCACAACAGGAAGCTGTTGAAGGAGGATGTTCCCATCTTGGTCAGTCCTATGCGGATAGAGATGTCTGGAAGCCAGAACCATGCCAAATATGTGTCT,COL3A1,
NM_000093.3:6345,COL5A1,NM_000093.3,6346-6445,GTAAAGGTCATCCCACCATCACCAAAGCCTCCGTTTTTAACAACCTCCAACACGATCCATTTAGAGGCCAAATGTCATTCTGCAGGTGCCTTCCCGATGG,COL5A1,
NM_000125.2:1595,ESR1,NM_000125.2,1596-1695,AGGAACCAGGGAAAATGTGTAGAGGGCATGGTGGAGATCTTCGACATGCTGCTGGCTACATCATCTCGGTTCCGCATGATGAATCTGCAGGGAGAGGAGT,ESR1,
NM_000138.3:6420,FBN1,NM_000138.3,6421-6520,CACTGAAGGCAGCTTCAAATGTCTGTGTCCAGAAGGGTTTTCCTTGTCCTCCAGTGGAAGAAGGTGCCAAGATTTGCGAATGAGCTACTGTTATGCGAAG,FBN1,
NM_000149.3:340,FUT3,NM_000149.3,341-440,GGGTGCAAAGCAGTAATTGGTCAAAGTTCAACTTCCCTCCCACTCTGGGCTCAGGCTGTCCCCTGAGGGCCTGTGTTTTGAGTCTCTTTCCAGAACCTTG,FUT3,
NM_000166.5:165,GJB1,NM_000166.5,166-265,ACACCTTGCTCAGTGGCGTGAACCGGCATTCTACTGCCATTGGCCGAGTATGGCTCTCGGTCATCTTCATCTTCAGAATCATGGTGCTGGTGGTGGCTGC,GJB1,
NM_000181.3:1899,GUSB,NM_000181.3,1900-1999,CCGATTTCATGACTGAACAGTCACCGACGAGAGTGCTGGGGAATAAAAAGGGGATCTTCACTCGGCAGAGACAACCAAAAAGTGCAGCGTTCCTTTTGCG,GUSB,
NM_000194.1:240,HPRT1,NM_000194.1,241-340,TGTGATGAAGGAGATGGGAGGCCATCACATTGTAGCCCTCTGTGTGCTCAAGGGGGGCTATAAATTCTTTGCTGACCTGCTGGATTACATCAAAGCACTG,HPRT1,
NM_000222.1:5,KIT,NM_000222.1,6-105,CATCGCAGCTACCGCGATGAGAGGCGCTCGCGGCGCCTGGGATTTTCTCTGCGTTCTGCTCCTACTGCTTCGCGTCCAGACAGGCTCTTCTCAACCATCT,KIT,
NM_000245.2:405,MET,NM_000245.2,406-505,AAATGAGGAAGACCTTCAGAAGGTTGCTGAGTACAAGACTGGGCCTGTGCTGGAACACCCAGATTGTTTCCCATGTCAGGACTGCAGCAGCAAAGCCAAT,MET,
NM_000248.2:624,MITF,NM_000248.2,625-724,CACCATCAGCAACTCCTGTCCAGCCAACCTTCCCAACATAAAAAGGGAGCTCACAGCGTGTATTTTTCCCACAGAGTCTGAAGCAAGAGCACTGGCCAAA,MITF,
NM_000264.3:5420,PTCH1,NM_000264.3,5421-5520,AATCTCCTTCTCTCGGATCATTGTGATGGATGCTGGAACCTCAGGGTATGGAGCTCACATCAGTTCATCATGGTGGGTGTTAGAGAATTCGGTGACATGC,PTCH1,
NM_000267.2:1035,NF1,NM_000267.2,1036-1135,TACCAGATCCCACAGACTGATATGGCTGAATGTGCAGAAAAGCTATTTGACTTGGTGGATGGTTTTGCTGAAAGCACCAAACGTAAAGCAGCAGTTTGGC,NF1,
NM_000278.3:814,PAX2,NM_000278.3,815-914,AAAGTGGCGACGCCCAAAGTGGTGGACAAGATTGCTGAATACAAACGACAGAACCCGACTATGTTCGCCTGGGAGATTCGAGACCGGCTCCTGGCCGAGG,PAX2,
NM_000294.1:435,PHKG2,NM_000294.1,436-535,CTGTTTGACTATCTCACAGAGAAGGTGGCCCTCTCTGAAAAGGAAACCAGGTCCATCATGCGGTCTCTGCTGGAAGCAGTGAGCTTTCTCCATGCCAACA,PHKG2,
NM_000314.4:4830,PTEN,NM_000314.4,4831-4930,TTGGATGTGCAGCAGCTTACATGTCTGAAGTTACTTGAAGGCATCACTTTTAAGAAAGCTTACAGTTGGGCCCTGTACCATCCCAAGTCCTTTGTAGCTC,PTEN,
NM_000321.1:2110,RB1,NM_000321.1,2111-2210,CCTATCTCCGGCTAAATACACTTTGTGAACGCCTTCTGTCTGAGCACCCAGAATTAGAACATATCATCTGGACCCTTTTCCAGCACACCCTGCAGAATGA,RB1,
NM_000341.3:1010,SLC3A1,NM_000341.3,1011-1110,TAGTTTGGATGCTGTTAAATTCCTCCTAGAAGCAAAGCACCTGAGAGATGAGATCCAAGTAAATAAGACCCAAATCCCGGACACGGTCACACAATACTCG,SLC3A1,
NM_000362.4:1640,TIMP3,NM_000362.4,1641-1740,ACCTGCCTTGCTTTGTGACTTCCAAGAACGAGTGTCTCTGGACCGACATGCTCTCCAATTTCGGTTACCCTGGCTACCAGTCCAAACACTACGCCTGCAT,TIMP3,
NM_000378.3:2160,WT1,NM_000378.3,2161-2260,TCAGAGAGCAAGGCATCGGGGGTGAATCTTGTCTAACATTCCCGAGGTCAGCCAGGCTGCTAACCTGGAAAGCAGGATGTAGTTCTGCCAGGCAACTTTT,WT1,
NM_000392.3:3150,ABCC2,NM_000392.3,3151-3250,CAGTGACTCTAAAATCTTCAATAGCACCGACTATCCAGCATCTCAGAGGGACATGAGAGTTGGAGTCTACGGAGCTCTGGGATTAGCCCAAGGTATATTT,ABCC2,
NM_000393.3:4075,COL5A2,NM_000393.3,4076-4175,GGTTCATGCTACCCTGAAGTCACTCAGTAGTCAGATTGAAACCATGCGCAGCCCCGATGGCTCGAAAAAGCACCCAGCCCGCACGTGTGATGACCTAAAG,COL5A2,
NM_000396.2:415,CTSK,NM_000396.2,416-515,TCTCATTCCCGCAGTAATGACACCCTTTATATCCCAGAATGGGAAGGTAGAGCCCCAGACTCTGTCGACTATCGAAAGAAAGGATATGTTACTCCTGTCA,CTSK,
NM_000435.2:1965,NOTCH3,NM_000435.2,1966-2065,CTTTGGAGTCTGCCGTGATGGCATCAACCGCTACGACTGTGTCTGCCAACCTGGCTTCACAGGGCCCCTTTGTAACGTGGAGATCAATGAGTGTGCTTCC,NOTCH3,
NM_000458.1:2000,HNF1B,NM_000458.1,2001-2100,ACGTCCTGCTGGCACCTCAGACAATCCACTCTCAGGAGCGCAGCCCGAAGCCCAGTTTCCCTTCTATGCAGTATTGCCACAATGCCTCTCCCACGATGTC,HNF1B,
NM_000518.4:467,HBB,NM_000518.4,468-567,AATGCCCTGGCCCACAAGTATCACTAAGCTCGCTTTCTTGCTGTCCAATTTCTATTAAAGGTTCCTTTGTTCCCTAAGTCCAACTACTAAACTGGGGGAT,HBB,
NM_000545.4:2125,HNF1A,NM_000545.4,2126-2225,GGGGGTCGTGGAGAGCTAGGAGCAAAGCCTGTTCATGGCAGATGTAGGAGGGACTGTCGCTGCTTCGTGGGATACAGTCTTCTTACTTGGAACTGAAGGG,HNF1A,
NM_000546.2:1330,TP53,NM_000546.2,1331-1430,GGGGAGCAGGGCTCACTCCAGCCACCTGAAGTCCAAAAAGGGTCAGTCTACCTCCCGCCATAAAAAACTCATGTTCAAGACAGAAGGGCCTGACTCAGAC,TP53,
NM_000548.3:2380,TSC2,NM_000548.3,2381-2480,AGAACTGACTTGCACCTGGCCGTGGTTCCAGTGCTGACAGCATTAATCTCTTACCATAACTACCTGGACAAAACCAAACAGCGCGAGATGGTCTACTGCC,TSC2,
NM_000574.3:101,CD55,NM_000574.3,102-201,CCCTACTCCACCCGTCTTGTTTGTCCCACCCTTGGTGACGCAGAGCCCCAGCCCAGACCCCGCCCAAAGCACTCATTTAACTGGTATTGCGGAGCCACGA,CD55,
NM_000593.5:2075,TAP1,NM_000593.5,2076-2175,GTGGCTGCAGTGGGACAAGAGCCACAGGTATTTGGAAGAAGTCTTCAAGAAAATATTGCCTATGGCCTGACCCAGAAGCCAACTATGGAGGAAATCACAG,TAP1,
NM_000596.2:760,IGFBP1,NM_000596.2,761-860,TACCTATGATGGCTCGAAGGCTCTCCATGTCACCAACATCAAAAAATGGAAGGAGCCCTGCCGAATAGAACTCTACAGAGTCGTAGAGAGTTTAGCCAAG,IGFBP1,
NM_000597.2:675,IGFBP2,NM_000597.2,676-775,TCGGGTATGAAGGAGCTGGCCGTGTTCCGGGAGAAGGTCACTGAGCAGCACCGGCAGATGGGCAAGGGTGGCAAGCATCACCTTGGCCTGGAGGAGCCCA,IGFBP2,
NM_000600.1:220,IL6,NM_000600.1,221-320,TGACAAACAAATTCGGTACATCCTCGACGGCATCTCAGCCCTGAGAAAGGAGACATGTAACAAGAGTAACATGTGTGAAAGCAGCAAAGAGGCACTGGCA,IL6,
NM_000601.4:550,HGF,NM_000601.4,551-650,TCATTGGTAAAGGACGCAGCTACAAGGGAACAGTATCTATCACTAAGAGTGGCATCAAATGTCAGCCCTGGAGTTCCATGATACCACACGAACACAGCTT,HGF,
NM_000602.4:577,SERPINE1,NM_000602.4,578-677,CGGAGCACGGTCAAGCAAGTGGACTTTTCAGAGGTGGAGAGAGCCAGATTCATCATCAATGACTGGGTGAAGACACACACAAAAGGTATGATCAGCAACT,SERPINE1,
NM_000612.4:765,IGF2,NM_000612.4,766-865,TGGGGAAGTCGATGCTGGTGCTTCTCACCTTCTTGGCCTTCGCCTCGTGCTGCATTGCTGCTTACCGCCCCAGTGAGACCCTGTGCGGCGGGGAGCTGGT,IGF2,
NM_000618.3:491,IGF1,NM_000618.3,492-591,CGTGGATGAGTGCTGCTTCCGGAGCTGTGATCTAAGGAGGCTGGAGATGTATTGCGCACCCCTCAAGCCTGCCAAGTCAGCTCGCTCTGTCCGTGCCCAG,IGF1,
NM_000624.4:1845,SERPINA5,NM_000624.4,1846-1945,ATCAGCAGCAACAACTGTCAGTTCATCCTGCATGGGAAAAATGTTGGAATGGGAGTCTGAAATGGGGCTACTGTTTCAGTCCTAATGTGCTGTGTGACAT,SERPINA5,
NM_000657.2:5,BCL2,NM_000657.2,6-105,GTGAAGCAGAAGTCTGGGAATCGATCTGGAAATCCTCCTAATTTTTACTCCCTCTCCCCGCGACTCCTGATTCATTGGGAAGTTTCAAATCAGCTATAAC,BCL2,
NM_000668.4:1532,ADH1B,NM_000668.4,1533-1632,ATAATCTTTAGTCATCGAATCCCAGTGGAGGGGACCCTTTTACTTGCCCTGAACATACACATGCTGGGCCATTGTGATTGAAGTCTTCTAACTCTGTCTC,ADH1B,
NM_000732.4:110,CD3D,NM_000732.4,111-210,TATCTACTGGATGAGTTCCGCTGGGAGATGGAACATAGCACGTTTCTCTCTGGCCTGGTACTGGCTACCCTTCTCTCGCAAGTGAGCCCCTTCAAGATAC,CD3D,
NM_000733.2:75,CD3E,NM_000733.2,76-175,AAGTAACAGTCCCATGAAACAAAGATGCAGTCGGGCACTCACTGGAGAGTTCTGGGCCTCTGCCTCTTATCAGTTGGCGTTTGGGGGCAAGATGGTAATG,CD3e,
NM_000772.2:222,CYP2C18,NM_000772.2,223-322,ACTAGTCACAGTCAGAGTCAGAATCACAGGTGGATTAGTAGGGAGTGTTATAAAAGCCTTGAAGTGAAAGCCCGCAGTTGTCTTACTAAGAAGAGAAGCC,CYP2C18,
NM_000779.3:1920,CYP4B1,NM_000779.3,1921-2020,GCAGAAACTTACATTCCAACCTTAGAGACTCATAGTGAGCACAAGGAAAGTTTTGCCCTGAGATTCATGGTTATGGCTGGGTACCACCAAATAGAAGAAT,CYP4B1,
NM_000802.2:815,FOLR1,NM_000802.2,816-915,GATACCTGGAAATCCCTGCCCTGTTCAGCCCCACAGCTCCCAACTATTTGGTTCCTGCTCCATGGTCGGGCCTCTGACAGCCACTTTGAATAAACCAGAC,FOLR1,
NM_000817.2:575,GAD1,NM_000817.2,576-675,CAAAGGACCAACAGCCTGGAAGAGAAGAGTCGCCTTGTGAGTGCCTTCAAGGAGAGGCAATCCTCCAAGAACCTGCTTTCCTGTGAAAACAGCGACCGGG,GAD1,
NM_000852.2:415,GSTP1,NM_000852.2,416-515,TTTTGAGACCCTGCTGTCCCAGAACCAGGGAGGCAAGACCTTCATTGTGGGAGACCAGATCTCCTTCGCTGACTACAACCTGCTGGACTTGCTGCTGATC,GSTP1,
NM_000875.2:455,IGF1R,NM_000875.2,456-555,TCGGGGGGCCATCAGGATTGAGAAAAATGCTGACCTCTGTTACCTCTCCACTGTGGACTGGTCCCTGATCCTGGATGCGGTGTCCAATAACTACATTGTG,IGF1R,
NM_000926.4:13,PGR,NM_000926.4,14-113,CACTAATCGGGGTAAGCCTTGTTGTATTTGTGCGTGTGGGTGGCATTCTCAATGAGAACTAGCTTCACTTGTCATTTGAGTGAAATCTACAACCCGAGGC,PGRB,
NM_000926.4:3246,PGR,NM_000926.4,3247-3346,TACGAAGTCAAACCCAGTTTGAGGAGATGAGGTCAAGCTACATTAGAGAGCTCATCAAGGCAATTGGTTTGAGGCAAAAAGGAGTTGTGTCGAGCTCACA,PGRA,
NM_000927.3:3910,ABCB1,NM_000927.3,3911-4010,TATAGCACTAAAGTAGGAGACAAAGGAACTCAGCTCTCTGGTGGCCAGAAACAACGCATTGCCATAGCTCGTGCCCTTGTTAGACAGCCTCATATTTTGC,ABCB1,
NM_000957.2:895,PTGER3,NM_000957.2,896-995,CGCATAACTGGGGCAACCTTTTCTTCGCCTCTGCCTTTGCCTTCCTGGGGCTCTTGGCGCTGACAGTCACCTTTTCCTGCAACCTGGCCACCATTAAGGC,PTGER3,
NM_000962.2:700,PTGS1,NM_000962.2,701-800,ACCCCCAAGGCACCAACCTCATGTTTGCCTTCTTTGCACAACACTTCACCCACCAGTTCTTCAAAACTTCTGGCAAGATGGGTCCTGGCTTCACCAAGGC,PTGS1,
NM_000963.1:495,PTGS2,NM_000963.1,496-595,GCTACAAAAGCTGGGAAGCCTTCTCTAACCTCTCCTATTATACTAGAGCCCTTCCTCCTGTGCCTGATGATTGCCCGACTCCCTTGGGTGTCAAAGGTAA,PTGS2,
NM_000978.3:71,RPL23,NM_000978.3,72-171,CTTTTTTCCGGCGTTCAAGATGTCGAAGCGAGGACGTGGTGGGTCCTCTGGTGCGAAATTCCGGATTTCCTTGGGTCTTCCGGTAGGAGCTGTAATCAAT,RPL23,
NM_000982.3:353,RPL21,NM_000982.3,354-453,GCTTCCTGAAACGTGTGAAGGAAAATGATCAGAAAAAGAAAGAAGCCAAAGAGAAAGGTACCTGGGTTCAACTAAAGCGCCAGCCTGCTCCACCCAGAGA,RPL21,
NM_001001937.1:310,ATP5A1,NM_001001937.1,311-410,GAAGAGCGTATTCTTGGAGCTGATACCTCTGTTGATCTTGAAGAAACTGGGCGTGTCTTAAGTATTGGTGATGGTATTGCCCGCGTACATGGGCTGAGGA,ATP5A1,
NM_001002258.4:340,ATP5G3,NM_001002258.4,341-440,CAATTTCTGCATCAGTGTTATCTCGACCAGAGGCTAGTAGGACTGGAGAGGGCTCTACGGTATTTAATGGGGCCCAGAATGGTGTGTCTCAGCTAATCCA,ATP5G3,
NM_001002912.4:4970,C1orf173,NM_001002912.4,4971-5070,TGGTCAGTAGCTCAGTAAGCACCTTGAGAATAGCTCAAGTAGATCTGTAGGACCCTTCTTAGAAGCAGTGGTTCCTCATGGAGAAACTTGTGAGGCTGTT,C1orf173,
NM_001003792.2:1006,RBMS3,NM_001003792.2,1007-1106,CCCAGTGAGCCTTTGCTGTGCAAATTCGCTGATGGAGGACAAAAGAAGCGACAGAATCAAAGCAAATATACCCAGAATGGGAGGCCTTGGCCCAGGGAAG,RBMS3,
NM_001003897.1:516,MANBAL,NM_001003897.1,517-616,GCTGGGCAATCCACCACTTCCTCTTCCTTCTGCTTCTGTGACGGTTTAGAGTCAAGGGGGCTGAAACACACTGTGAGCATAGACTGTATTAGGTTTGTTC,MANBAL,
NM_001004317.2:2255,LIN28B,NM_001004317.2,2256-2355,CCTATATGGTGGATACAGGATGAACATTCAGTGCCAGGGAGAATCTTCTCAGGTTGGTTCTCGTTAGAGTGATAAACTGGCTAGGGGCCATAGTATTGGT,LIN28B,
NM_001004760.2:536,OR51V1,NM_001004760.2,537-636,TTTCCACATCCTTTCTCACTCTTTCTGCCTGCACCAGGATCTTCTCCGCTTAGCCTGTTCAGACATCCGATTCAATAGTTACTATGCCCTGATGCTGGTT,OR51V1,
NM_001005165.1:264,OR52E4,NM_001005165.1,265-364,TTCAACCTCCAAGAGATCAGCTTTGGGGGATGCCTTCTTCAGATGTTCTTTATTCACATGTTTACAGGCATGGAGACTGTTCTGTTGGTGGTCATGGCTT,OR52E4,
NM_001005175.3:86,OR52N4,NM_001005175.3,87-186,ATTTATTCTGAATGGAGTCCCAGGACTGGAAGACACACAACTCTGGATTTCCTTCCCATTCTGCTCTATGTATGTTGTGGCTATGGTAGGGAATTGTGGA,OR52N4,
NM_001005915.1:420,ERBB3,NM_001005915.1,421-520,CCTGCAGTGGATTCGAGAAGTGACAGGCTATGTCCTCGTGGCCATGAATGAATTCTCTACTCTACCATTGCCCAACCTCCGCGTGGTGCGAGGGACCCAG,ERBB3,
NM_001007027.2:158,ALG8,NM_001007027.2,159-258,TACCATTCCACAGATTTTGAAGTACACCGAAACTGGCTTGCTATCACTCACAGTTTGCCAATATCACAGTGGTATTATGAGGCAACTTCAGAGTGGACGT,ALG8,
NM_001007097.1:1605,NTRK2,NM_001007097.1,1606-1705,TCACATGAACAATGGGGACTACACTCTAATAGCCAAGAATGAGTATGGGAAGGATGAGAAACAGATTTCTGCTCACTTCATGGGCTGGCCTGGAATTGAC,NTRK2,
NM_001009181.1:220,STATH,NM_001009181.1,221-320,ACTATACCCACAACCATACCAACCACAATACCAACAATATACCTTTTAATATCATCAGTAACTGCAGGACATGATTATTGAGGCTTGATTGGCAAATACG,STATH,
NM_001010875.2:815,SLC25A30,NM_001010875.2,816-915,CGTATGATGAATCAGAGAGTGCTTCGAGATGGCAGATGTTCTGGCTACACAGGAACCCTGGATTGCTTGTTACAGACATGGAAGAATGAAGGGTTTTTTG,SLC25A30,
NM_001011645.1:810,AR,NM_001011645.1,811-910,GCCATGGGCTGGCGATCCTTCACCAATGTCAACTCCAGGATGCTCTACTTCGCCCCTGATCTGGTTTTCAATGAGTACCGCATGCACAAGTCCCGGATGT,AR,
NM_001012331.1:1365,NTRK1,NM_001012331.1,1366-1465,GACGGAGAAACAAGTTTGGGATCAACCGCCCGGCTGTGCTGGCTCCAGAGGATGGGCTGGCCATGTCCCTGCATTTCATGACATTGGGTGGCAGCTCCCT,NTRK1,
NM_001013620.3:7826,ALG10B,NM_001013620.3,7827-7926,TATGAGGCAGATGTTGATTTCTCTTTGACTGCTGAAGAAACTGAAGGTCGGTCAGGTCAGGTGATTTGCCCAAAGTCCACACTGTCACTAAATGAACATA,ALG10B,
NM_001013836.1:2086,MAD1L1,NM_001013836.1,2087-2186,GGTGGAGAGTGCCGAGCTGAAGAACCAGCGGCTCAAGGAGGTTTTCCAGACCAAGATCCAGGAGTTCCGCAAGGCCTGCTACACGCTCACCGGCTACCAG,MAD1L1,
NM_001017403.1:205,LGR6,NM_001017403.1,206-305,CTTACCTGGACCTCAGCATGAACAACCTCACAGAGCTTCAGCCTGGCCTCTTCCACCACCTGCGCTTCTTGGAGGAGCTGCGTCTCTCTGGGAACCATCT,LGR6,
NM_001017963.2:1655,HSP90AA1,NM_001017963.2,1656-1755,CTTGACCAATGACTGGGAAGATCACTTGGCAGTGAAGCATTTTTCAGTTGAAGGACAGTTGGAATTCAGAGCCCTTCTATTTGTCCCACGACGTGCTCCT,HSP90AA1,
NM_001018003.2:279,SORBS3,NM_001018003.2,280-379,CAAAATGGCTGATGGAGGAAGCCCCTTCCTAGGTCGGAGGGACTTTGTCTACCCTTCCTCAACCCGAGACCCTAGTGCCTCTAACGGAGGGGGCAGCCCA,SORBS3,
NM_001018036.2:735,TSHR,NM_001018036.2,736-835,GGATATGCTTTCAATGGGACAAAGCTGGATGCTGTTTACCTAAACAAGAATAAATACCTGACAGTTATTGACAAAGATGCATTTGGAGGAGTATACAGTG,TSHR,
NM_001023587.1:227,ABCC5,NM_001023587.1,228-327,GGAGAGAACCAGCACTTCTGGGACGCACAGAGACCGTGAAGATTCCAAGTTCAGGAGAACTCGACCGTTGGAATGCCAAGATGCCTTGGAAACAGCAGCC,ABCC5,
NM_001024847.1:1760,TGFBR2,NM_001024847.1,1761-1860,ATTTGGAGAATGTTGAGTCCTTCAAGCAGACCGATGTCTACTCCATGGCTCTGGTGCTCTGGGAAATGACATCTCGCTGTAATGCAGTGGGAGAAGTAAA,TGFBR2,
NM_001025.4:1555,RPS23,NM_001025.4,1556-1655,ACCCAGGTTGCGCTTCATACCTGCATATTCCAGCCTTAGCCTGCCATTTCTCTCCTTGGCACTTTGTGCTCCAGCAACACTGGTCTCAGTTGGTCATCCT,RPS23,
NM_001025158.1:1007,CD74,NM_001025158.1,1008-1107,CCCCAAGGAAGAGCCAATGTTTTCCACCCATAATCCTTTCTGCCGACCCCTAGTTCCCTCTGCTCAGCCAAGCTTGTTATCAGCTTTCAGGGCCATGGTT,CD74,
NM_001031812.1:1595,CSNK1G3,NM_001031812.1,1596-1695,TGAATATGACTGGATTGGTAAACAGTTGCCTACTCCAGTGGGTGCAGTTCAGCAAGATCCTGCTCTGTCATCAAACAGAGAAGCACATCAACACAGAGAT,CSNK1G3,
NM_001032281.2:5,TFPI,NM_001032281.2,6-105,CAACTGCCAGTGATCTCTGAAGCCGACTCTGAGGCTCCCTCTTTGCTCTAACAGACAGCAGCGACTTTAGGCTGGATAATAGTCAAATTCTTACCTCGCT,TFPI,
NM_001032290.1:1560,PSRC1,NM_001032290.1,1561-1660,GCATTGGTTCACTGGACATTTCCACGTGAGCGGCCTCCGTAGCTAACCTCCCTGCCCTCTGAGGAGCCATCTTCCTGAATCGCATTCTCTACTGGACTCT,PSRC1,
NM_001033081.2:568,MYCL,NM_001033081.2,569-668,GCAGGGAGCGGACATGGACTACGACTCGTACCAGCACTATTTCTACGACTATGACTGCGGGGAGGATTTCTACCGCTCCACGGCGCCCAGCGAGGACATC,MYCL1,
NM_001035267.1:359,RPL41,NM_001035267.1,360-459,ACTGCATGCTACTGTCTAGAGCTTGTCTCAATGGATCTAGAACTTCATCGCCCTCTGATCGCCGATCACCTCTGAGACCCACCTTGCTCATAAACAAAAT,RPL41,
NM_001039547.2:2834,GK5,NM_001039547.2,2835-2934,AGGGAGCAACAAGGACAGTTTCACATGCTTAGACTTTCTTGGAAGAAACAGTGAGGAGGAGTAAGTCGTGAGTAGTGTCAAGCTGGATGTAGAATTGTCC,GK5,
NM_001040275.1:717,ESR2,NM_001040275.1,718-817,GGGCACCTTTCTCCTTTAGTGGTCCATCGCCAGTTATCACATCTGTATGCGGAACCTCAAAAGAGTCCCTGGTGTGAAGCAAGATCGCTAGAACACACCT,ESR2,
NM_001040876.1:635,ABCE1,NM_001040876.1,636-735,CCCTTTGGCGCCTTATCAATTGTCAATCTACCAAGCAACTTGGAAAAAGAAACCACACATCGATATTGTGCCAATGCCTTCAAACTTCACAGGTTGCCTA,ABCE1,
NM_001042599.1:7300,ERBB4,NM_001042599.1,7301-7400,CTAGGATAGATCCAGAACCACAAAGCATCTGCACCACAAAAGGTGTTAGACTACCAAGCAGCTCCTGGTTTTCTGCATAGTATTAGTAGCACAGCTTAGG,ERBB4,
NM_001042683.2:2540,SHPRH,NM_001042683.2,2541-2640,AACAAGAGCAACTCTGATCATCTCTCCAAGTTCCATCTGTCACCAGTGGGTGGATGAGATCAACAGGCATGTGAGGTCGTCATCTCTTCGAGTCTTGGTA,SHPRH,
NM_001079673.1:2155,FNDC3A,NM_001079673.1,2156-2255,TGGTGCTACCAGGGAACATCTTTGTGATCGACTGAATCCAGGCTGTTTCTATCGTTTACGAGTTTACTGCATCAGTGATGGAGGACAGAGTGCGGTCTCT,FNDC3A,
NM_001079858.2:4170,GPR64,NM_001079858.2,4171-4270,CAAGATGTTTAGCTTTATACCTTGGCCACAGAGAGGGATGAACTGTCATCCAGACCATGTGTCAGGAAAATTGTGAACGTAGATGAGGTACATACACTGC,GPR64,
NM_001086.2:90,AADAC,NM_001086.2,91-190,ATGGGAAGAAAATCGCTGTACCTTCTGATTGTGGGGATCCTCATAGCATATTATATTTATACGCCTCTCCCAGATAACGTTGAGGAGCCATGGAGAATGA,AADAC,
NM_001098175.1:1418,ENTPD1,NM_001098175.1,1419-1518,AGTACCTGAGTGAATACTGCTTTTCTGGTACCTACATTCTCTCCCTCCTTCTGCAAGGCTATCATTTCACAGCTGATTCCTGGGAGCACATCCATTTCAT,ENTPD1,
NM_001100431.1:160,VSIG4,NM_001100431.1,161-260,CACCTAACAGTGGACACTTATGGCCGTCCCATCCTGGAAGTGCCAGAGAGTGTAACAGGACCTTGGAAAGGGGATGTGAATCTTCCCTGCACCTATGACC,VSIG4,
NM_001102371.1:2994,FOXRED2,NM_001102371.1,2995-3094,TTCTAACCTGCCTGGTCAAGTTTTGTGAAACTTATCCTGCTGTCTCGGGCTGGCACCCATATGTGCTCACCATGTGTAAGGTGACATTTCCAAATGCCTT,FOXRED2,
NM_001118.3:935,ADCYAP1R1,NM_001118.3,936-1035,TGTCCAACTACTTCTGGCTGTTCATCGAGGGCCTGTACCTCTTCACTCTGCTGGTGGAGACCTTCTTCCCTGAAAGGAGATACTTCTACTGGTACACCAT,ADCYAP1R1,
NM_001126107.1:3095,SLC12A3,NM_001126107.1,3096-3195,GTGCTCACCTTTTACTGCCAGTAACTCCAGGCTTTGACATCCCTGTCCACAGCTCTGAGTGTGTGGGATAAGTTGGAACTTGATTGCCTCTAGTCCACAG,SLC12A3,
NM_001126121.1:1085,SLC25A19,NM_001126121.1,1086-1185,AGCTTGCTGAAGGCTGCCCTCTCCACAGGCTTCATGTTCTTCTCGTATGAATTCTTCTGTAATGTCTTCCACTGCATGAACAGGACAGCCAGCCAGCGCT,SLC25A19,
NM_001128226.1:1670,DIS3,NM_001128226.1,1671-1770,GACATGAAAAACCGAGAAGACCTGAGGCATCTGTGTATTTGTAGTGTAGACCCACCAGGATGTACTGATATAGACGATGCTCTACATTGTCGAGAACTCG,DIS3,
NM_001128610.1:1160,USP8,NM_001128610.1,1161-1260,CGGAGTCTGAAAGATGCACTTTTCAAGTGGGAAAGTAAAACTGTCCTGCGCAATGAGCCTTTGGTTTTAGAGGGAGGCTATGAAAACTGGCTCCTTTGTT,USP8,
NM_001128855.2:1685,GTPBP3,NM_001128855.2,1686-1785,CAGGCCCTGGAATGGGGCTGAATGGAGGTCCCGTTCGACCCTTGATGCTGGGGCATCCGGGTTGGGATGGAGATAGGAGGATCTCAGTATATTTGTTTCG,GTPBP3,
NM_001134.1:1469,AFP,NM_001134.1,1470-1569,GGAGCGGCTGACATTATTATCGGACACTTATGTATCAGACATGAAATGACTCCAGTAAACCCTGGTGTTGGCCAGTGCTGCACTTCTTCATATGCCAACA,AFP,
NM_001135057.2:3605,LRRC15,NM_001135057.2,3606-3705,CTGCCTTCTCTGGCTTTCCTGCTATACACATATTCACATGGCGCTCAAGAAGTTAGGCTCATGGCAACGTGTGTCTTTCTCTGGACAACTGGCCCAGTTT,LRRC15,
NM_001136050.2:350,DHRS1,NM_001136050.2,351-450,TGCAGCTCTGCAAAGCAGGCGCCACAGTTTACATCACTGGCCGCCATCTGGACACCCTTCGCGTTGTTGCTCAGGAGGCACAATCCCTCGGGGGCCAATG,DHRS1,
NM_001139457.1:900,BCAP31,NM_001139457.1,901-1000,GCACTTCCACATGAAGCTTTTCCGTGCCCAGAGGAATCTCTACATTGCTGGCTTTTCCTTGCTGCTGTCCTTCCTGCTTAGACGCCTGGTGACTCTCATT,BCAP31,
NM_001142287.1:1120,SEMA4D,NM_001142287.1,1121-1220,AAGTGAACCCATCATCTCCCGAAATTCTTCCCACAGTCCTCTGAGGACAGAATATGCAATCCCTTGGCTGAACGAGCCTAGTTTCGTGTTTGCTGACGTG,SEMA4D,
NM_001144070.1:460,ABCC3,NM_001144070.1,461-560,GCTGCAGGGCGTACAGTCTTCGGGGGTCCTCATTATCTTCTGGTTCCTGTGTGTGGTCTGCGCCATCGTCCCATTCCGCTCCAAGATCCTTTTAGCCAAG,ABCC3,
NM_001146070.1:990,TDRD3,NM_001146070.1,991-1090,CAAGCTCTTATGGATAATGGCAACAACTTAGAAGCAGCACTGAACGTACTTCTTACAAGCAATAAACAGAAACCTGTTATGGGTCCTCCTCTGAGAGGTA,TDRD3,
NM_001146218.1:300,WRB,NM_001146218.1,301-400,AGTGTCGCTTTCTACGTATTGCAGGCTGCCCTGATGATCTCACTCATTTGGAAGTATTATTCTGTCCCTGTGGCTGTCGTGCCGAGTAAATGGATAACCC,WRB,
NM_001146705.1:56,KDM5D,NM_001146705.1,57-156,GTACTGTTTAATATGAGTCCAGCGACGGCTCTGTGACTGTTTTCCTCTGGTAAAATCGCTCTTGCGTCCTCAGCGTTTATCTCAGGTGCGGAAGGTCTCA,KDM5D,
NM_001153.2:430,ANXA4,NM_001153.2,431-530,CCTGAGGAGATCCGGCGCATAAGCCAAACCTACCAGCAGCAATATGGACGGAGCCTTGAAGATGACATTCGCTCTGACACATCGTTCATGTTCCAGCGAG,ANXA4,
NM_001159.3:1415,AOX1,NM_001159.3,1416-1515,GCGATAGTCAATTCAGGAATGAGAGTCTTTTTTGGAGAAGGGGATGGCATTATTAGAGAGTTATGCATCTCATATGGAGGCGTTGGTCCAGCCACCATCT,AOX1,
NM_001162427.1:2072,TSC1,NM_001162427.1,2073-2172,GAACAAGTTGCCTTTACCCAGCAAGTCTGTCGACTGGACCCACTTTGGAGGCTCTCCTCCTTCAGATGAGATCCGCACCCTCCGAGACCAGTTGCTTTTA,TSC1,
NM_001164277.1:1248,SLC37A4,NM_001164277.1,1249-1348,CTGGCGCAGCACGCTGGCCCTATCTGGGGCACTGTGTGTGGTTGTCTCCTTCCTCTGTCTCCTGCTCATCCACAATGAACCTGCTGATGTTGGACTCCGC,SLC37A4,
NM_001168.2:1215,BIRC5,NM_001168.2,1216-1315,CCATTCTAAGTCATTGGGGAAACGGGGTGAACTTCAGGTGGATGAGGAGACAGAATAGAGTGATAGGAAGCGTCTGGCAGATACTCCTTTTGCCACTGCT,BIRC5,
NM_001170587.1:1665,HHAT,NM_001170587.1,1666-1765,GACAGCCTCTAAGGGATTTGATCTGCTCATCTTCAGTTGAATGCCCTCACTCCAAGACTGGATGCTGGATCTCATAGAAAATTCACAGCCAGACAATCTT,HHAT,
NM_001171136.1:4085,ZBED1,NM_001171136.1,4086-4185,TTTAAGTCTGTGGAAAAGGAAGCACGGGAGAAATCCACGTAACCTTTGCTTTCTTTTTAAGGGAAGCGGTTCCGCCGTGAACTTGGAACCCTCAGCTCCG,ZBED1,
NM_001172085.1:587,TBP,NM_001172085.1,588-687,ACAGTGAATCTTGGTTGTAAACTTGACCTAAAGACCATTGCACTTCGTGCCCGAAACGCCGAATATAATCCCAAGCGGTTTGCTGCGGTAATCATGAGGA,TBP,
NM_001172428.1:533,KLHL7,NM_001172428.1,534-633,AAGTCCTTTGAAGTAGAACTCAAAGATGCTGAACCTGATATTATTGAACAACTGGTGGAATTTGCTTATACTGCTAGAATTTCCGTGAATAGCAACAATG,KLHL7,
NM_001172668.1:1932,ZNF668,NM_001172668.1,1933-2032,GCCGGGTGCACTCGGGGGAGCGCCCCTTCCACTGTAACGCATGTGGGAAATCCTTTGTGGTGTCGTCGAGCCTGAGGAAGCACGAGCGGACCCATCGAAG,ZNF668,
NM_001174097.1:1190,LDHB,NM_001174097.1,1191-1290,TGAAGTCTTCCTGAGCCTTCCATGTATCCTCAATGCCCGGGGATTAACCAGCGTTATCAACCAGAAGCTAAAGGATGATGAGGTTGCTCAGCTCAAGAAA,LDHB,
NM_001178117.1:1284,MINPP1,NM_001178117.1,1285-1384,GGTCTCAGCCAATTTCTTCTCCAGTCATCCTCCAGTTTGGTCATGCAGAGACTCTTCTTCCACTGCTTTCTCTCATGGGCTACTTCAAAGACAAGGAACC,MINPP1,
NM_001190809.1:1115,DHX35,NM_001190809.1,1116-1215,TGGTGGTCGTAGTCGCTCGGGAAAATGTTATCGCCTTTATACAGAGGAAGCCTTTGACAAGTTGCCTCAGTCTACGGTTCCTGAGATGCAGCGTAGTAAT,DHX35,
NM_001195641.1:984,PLA2R1,NM_001195641.1,985-1084,CTTCATGCCAGATGCAAGGAGGTACGCTGTTAAGTATTACAGATGAAACTGAAGAAAATTTCATAAGGGAGCACATGAGCAGTAAAACAGTGGAGGTGTG,PLA2R1,
NM_001198863.1:155,CPNE1,NM_001198863.1,156-255,ATGGCCCACTGCGTGACCTTGGTTCAGCTGTCCATTTCCTGTGACCATCTCATTGACAAGGACATCGGCTCCAAGTCTGACCCACTCTGCGTCCTTTTAC,CPNE1,
NM_001204172.1:346,MDM4,NM_001204172.1,347-446,GATCCCTGCAACTCAGTGGAATTCTTGGATTTGGCTCACAGTTCTGAAAGCCAAGAGACCATCTCAAGCATGGGAGAACAGTTAGATAACCTTTCTGAAC,MDM4,
NM_001228.4:301,CASP8,NM_001228.4,302-401,AGATGGACTTCAGCAGAAATCTTTATGATATTGGGGAACAACTGGACAGTGAAGATCTGGCCTCCCTCAAGTTCCTGAGCCTGGACTACATTCCGCAAAG,CASP8,
NM_001238.1:1635,CCNE1,NM_001238.1,1636-1735,CCTCCAGACACCAGTGCGTGCTCCCGATGCTGCTATGGAAGGTGCTACTTGACCTAAGGGACTCCCACAACAACAAAAGCTTGAAGCTGTGGAGGGCCAC,CCNE1,
NM_001242.4:330,CD27,NM_001242.4,331-430,CCAGATGTGTGAGCCAGGAACATTCCTCGTGAAGGACTGTGACCAGCATAGAAAGGCTGCTCAGTGTGATCCTTGCATACCGGGGGTCTCCTTCTCTCCT,CD27,
NM_001242863.1:1662,ENOX1,NM_001242863.1,1663-1762,GAGCAGATTGTGGCCGTTTTCAACGCTTCTACCAGACAAAAAGCTTGGGACCATTTCTCGAAAGCCCAGCGCAAGAACATAGACATTTGGCGAAAGCATT,ENOX1,
NM_001242908.1:1540,RSPO1,NM_001242908.1,1541-1640,GTTCAGTGCTACTCTGCGTGATTCAAGCTTTCCTGAACTGGAACGTCGGGGGCAAAGCATACACACACACTCCAATCCATCCATGCATACATAGACACAA,RSPO1,
NM_001251.2:1140,CD68,NM_001251.2,1141-1240,ACCGGTCCATCTTGCTGCCTCTCATCATCGGCCTGATCCTTCTTGGCCTCCTCGCCCTGGTGCTTATTGCTTTCTGCATCATCCGGAGACGCCCATCCGC,CD68,
NM_001259.6:462,CDK6,NM_001259.6,463-562,GGAGATCGGGGAGGGCGCCTATGGGAAGGTGTTCAAGGCCCGCGACTTGAAGAACGGAGGCCGTTTCGTGGCGTTGAAGCGCGTGCGGGTGCAGACCGGC,CDK6,
NM_001260.1:370,CDK8,NM_001260.1,371-470,AGCAAACAAGAAGCCAGTTCAGTTACCTCGGGGAATGGTGAAGTCACTATTATATCAGATCCTAGATGGTATTCACTACCTGCATGCTAACTGGGTGTTG,CDK8,
NM_001261.2:400,CDK9,NM_001261.2,401-500,GGTGTTCGACTTCTGCGAGCATGACCTTGCTGGGCTGTTGAGCAATGTTTTGGTCAAGTTCACGCTGTCTGAGATCAAGAGGGTGATGCAGATGCTGCTT,CDK9,
NM_001278698.1:940,POLR2H,NM_001278698.1,941-1040,ATGAGGCTGCAGGGGGATGCCAACAACCTGCATGGATTCGAGGTGGACTCCAGAGTTTATCTCCTGATGAAGAAGCTAGCCTTCTGAACCTCGCCTGAAG,POLR2H,
NM_001282917.1:2504,RALGAPB,NM_001282917.1,2505-2604,CTAGAGCTCCTCTCTGGCCTTGCAAAGGTAAAAGTGATGGTTGACTCAGGAGACCGGAAGCGAGCCATCAGTTCTGTGTGCACCTACATTGTTTATCAGT,RALGAPB,
NM_001284.2:671,AP3S1,NM_001284.2,672-771,GTGCCAAACCTGCCCTCTTTTAAATAAAAATGTAAAAAGGCCACTCCCAGGTAAAATCCAGGGGGAAGAGTCATCTAAGTTTACCATGCAGTTGTTTACC,AP3S1,
NM_001286273.1:482,TPT1,NM_001286273.1,483-582,TATGACAGGGGCTGCAGAACAAATCAAGCACATCCTTGCTAATTTCAAAAACTACCAGTTCTTTATTGGTGAAAACATGAATCCAGATGGCATGGTTGCT,TPT1,
NM_001286748.1:654,MRPS27,NM_001286748.1,655-754,AAGACAGACTTCAGTTGGGAAGAGGAGAGGAACTTTGGTGCATCCCTTTTGCTTCCAGGCCTAAAACAAAAGAACTCAGTGGGTTTCAGTTCCCAGTTGT,MRPS27,
NM_001337.3:1040,CX3CR1,NM_001337.3,1041-1140,GGGCGCTCAGTCCACGTTGATTTCTCCTCATCTGAATCACAAAGGAGCAGGCATGGAAGTGTTCTGAGCAGCAATTTTACTTACCACACGAGTGATGGAG,CX3CR1,
NM_001343.2:450,DAB2,NM_001343.2,451-550,TTATTTGAGACTTCTCCATCGGGATCGCCTGGTGTCACCAAGTGTCCACTGGTACTGAGGTTTGCTGCCTGCCTTCTTGCCATGTCTAACGAAGTAGAAA,DAB2,
NM_001382.3:1160,DPAGT1,NM_001382.3,1161-1260,GGTGTTTGTGGGAGATACCTTCTGTTACTTTGCTGGCATGACCTTTGCCGTGGTGGGCATCTTGGGACACTTCAGCAAGACCATGCTACTATTCTTCATG,DPAGT1,
NM_001430.3:4246,EPAS1,NM_001430.3,4247-4346,TGCACTGAGCTATGTGACTCGGATGGTCTTTCACACGGCACATTTGGACATTTCCAGAACTACCATGAGATGGTTTAGACGGGAATTCATGCAAATGAGG,EPAS1,
NM_001442.2:415,FABP4,NM_001442.2,416-515,GGTGGAATGCGTCATGAAAGGCGTCACTTCCACGAGAGTTTATGAGAGAGCATAAGCCAAGGGACGTTGACCTGGACTGAAGTTCGCATTGAACTCTACA,FABP4,
NM_001454.3:815,FOXJ1,NM_001454.3,816-915,ACTTCTGCTACTTCCGCCACGCAGATCCCACCTGGCAGAATTCAATCCGCCACAACCTGTCTCTGAACAAGTGCTTCATCAAAGTGCCTCGGGAGAAGGA,FOXJ1,
NM_001530.2:1985,HIF1A,NM_001530.2,1986-2085,ATGGATGATGACTTCCAGTTACGTTCCTTCGATCAGTTGTCACCATTAGAAAGCAGTTCCGCAAGCCCTGAAAGCGCAAGTCCTCAAAGCACAGTTACAG,HIF1A,
NM_001552.2:1520,IGFBP4,NM_001552.2,1521-1620,TGGAGACACTCCTATAAGGAGAGTTCAAGCCTGTGGGAGTAGAAAAATCTCATTCCCAGAGTCAGAGGAGAAGAGACATGTACCTTGACCATCGTCCTTC,IGFBP4,
NM_001565.1:40,CXCL10,NM_001565.1,41-140,GCAGAGGAACCTCCAGTCTCAGCACCATGAATCAAACTGCGATTCTGATTTGCTGCCTTATCTTTCTGACTCTAAGTGGCATTCAAGGAGTACCTCTCTC,CXCL10,
NM_001626.2:1450,AKT2,NM_001626.2,1451-1550,CGTGGTCCAGAAGAAGCTCCTGCCACCCTTCAAACCTCAGGTCACGTCCGAGGTCGACACAAGGTACTTCGATGATGAATTTACCGCCCAGTCCATCACA,AKT2,
NM_001748.4:2085,CAPN2,NM_001748.4,2086-2185,CCATGAATTCCTATGAAATGCGGAAGGCATTAGAAGAAGCAGGTTTCAAGATGCCCTGTCAACTCCACCAAGTCATCGTTGCTCGGTTTGCAGATGACCA,CAPN2,
NM_001752.2:1130,CAT,NM_001752.2,1131-1230,ATGCTTCAGGGCCGCCTTTTTGCCTATCCTGACACTCACCGCCATCGCCTGGGACCCAATTATCTTCATATACCTGTGAACTGTCCCTACCGTGCTCGAG,CAT,
NM_001753.3:434,CAV1,NM_001753.3,435-534,AACCGCGACCCTAAACACCTCAACGATGACGTGGTCAAGATTGACTTTGAAGATGTGATTGCAGAACCAGAAGGGACACACAGTTTTGACGGCATTTGGA,CAV1,
NM_001767.2:1400,CD2,NM_001767.2,1401-1500,TGGGTCTCACTACAAGCAGCCTATCTGCTTAAGAGACTCTGGAGTTTCTTATGTGCCCTGGTGGACACTTGCCCACCATCCTGTGAGTAAAAGTGAAATA,CD2,
NM_001768.5:1320,CD8A,NM_001768.5,1321-1420,GCTCAGGGCTCTTTCCTCCACACCATTCAGGTCTTTCTTTCCGAGGCCCCTGTCTCAGGGTGAGGTGCTTGAGTCTCCAACGGCAAGGGAACAAGTACTT,CD8A,
NM_001775.2:460,CD38,NM_001775.2,461-560,TTGCAACAAGATTCTTCTTTGGAGCAGAATAAAAGATCTGGCCCATCAGTTCACACAGGTCCAGCGGGACATGTTCACCCTGGAGGACACGCTGCTAGGC,CD38,
NM_001777.3:897,CD47,NM_001777.3,898-997,GCCATATTGGTTATTCAGGTGATAGCCTATATCCTCGCTGTGGTTGGACTGAGTCTCTGTATTGCGGCGTGTATACCAATGCATGGCCCTCTTCTGATTT,CD47,
NM_001791.3:39,CDC42,NM_001791.3,40-139,ACGTCAGGTGCGTGCCCCTGTCCGGCAGCCGAGGAGACCCCGCGCAGTGCTGCCAACGCCCCGGTGGAGAAGCTGAGGTCATCATCAGATTTGAAATATT,CDC42,
NM_001847.2:1070,COL4A6,NM_001847.2,1071-1170,TGGGATTTCCTGGGCTTAATGGATTCCAAGGAATTGAGGGTCAAAAGGGTGACATTGGCCTGCCAGGCCCAGATGTTTTCATCGATATAGATGGTGCTGT,COL4A6,
NM_001854.3:674,COL11A1,NM_001854.3,675-774,TAATGAGCATGGTATTCAGCAAATTGGTGTTGAGGTTGGGAGATCACCTGTTTTTCTGTTTGAAGACCACACTGGAAAACCTGCCCCAGAAGACTATCCC,COL11A1,
NM_001878.2:0,CRABP2,NM_001878.2,1-100,AGCTTTGGGGTTGTCCCTGGACTTGTCTTGGTTCCAGAACCTGACGACCCGGCGACGGCGACGTCTCTTTTGACTAAAAGACAGTGTCCAGTGCTCCAGC,CRABP2,
NM_001904.3:2265,CTNNB1,NM_001904.3,2266-2365,GCCACAAGATTACAAGAAACGGCTTTCAGTTGAGCTGACCAGCTCTCTCTTCAGAACAGAGCCAATGGCTTGGAATGAGACTGCTGATCTTGGACTTGAT,CTNNB1,
NM_001909.3:1495,CTSD,NM_001909.3,1496-1595,GAAGCCGGCGGCCCAAGCCCGACTTGCTGTTTTGTTCTGTGGTTTTCCCCTCCCTGGGTTCAGAAATGCTGCCTGCCTGTCTGTCTCTCCATCTGTTTGG,CTSD,
NM_001915.3:1065,CYB561,NM_001915.3,1066-1165,TCCGCTGCTATAGACCAGTTCATTGTGTGTGGCTCCCGTGTCTCTGTTGCCCCCTTCAGTGCAGAAGGCTTTGGGTAGGACTTCGGGTGTTCGGTCCTGG,CYB561,
NM_001920.3:420,DCN,NM_001920.3,421-520,ATCATCCTCCTTCTGCTTGCACAAGTTTCCTGGGCTGGACCGTTTCAACAGAGAGGCTTATTTGACTTTATGCTAGAAGATGAGGCTTCTGGGATAGGCC,DCN,
NM_001984.1:125,ESD,NM_001984.1,126-225,TAGAATCGCCTACCATTTGGTGCAAGCAAAAAGCAATCAGCAATTGGACAGGAAAAGAATGGCATTGAAGCAGATTTCCAGCAACAAGTGCTTTGGGGGA,ESD,
NM_002011.3:1585,FGFR4,NM_002011.3,1586-1685,AGGCGAGGGCTGCTTTGGCCAGGTAGTACGTGCAGAGGCCTTTGGCATGGACCCTGCCCGGCCTGACCAAGCCAGCACTGTGGCCGTCAAGATGCTCAAA,FGFR4,
NM_002012.2:662,FHIT,NM_002012.2,663-762,CATGTTCTTCCCAGGAAGGCTGGAGACTTTCACAGGAATGACAGCATCTATGAGGAGCTCCAGAAACATGACAAGGAGGACTTTCCTGCCTCTTGGAGAT,FHIT,
NM_002019.4:530,FLT1,NM_002019.4,531-630,AAGAAATGGCAAACAATTCTGCAGTACTTTAACCTTGAACACAGCTCAAGCAAACCACACTGGCTTCTACAGCTGCAAATATCTAGCTGTACCTACTTCA,FLT1,
NM_002020.1:955,FLT4,NM_002020.1,956-1055,CCAACAACGGCATCCAGCGATTTCGGGAGAGCACCGAGGTCATTGTGCATGAAAATCCCTTCATCAGCGTCGAGTGGCTCAAAGGACCCATCCTGGAGGC,FLT4,
NM_002026.2:450,FN1,NM_002026.2,451-550,ATCAACAGTGGGAGCGGACCTACCTAGGCAATGCGTTGGTTTGTACTTGTTATGGAGGAAGCCGAGGTTTTAACTGCGAGAGTAAACCTGAAGCTGAAGA,FN1,
NM_002046.3:972,GAPDH,NM_002046.3,973-1072,CACTCCTCCACCTTTGACGCTGGGGCTGGCATTGCCCTCAACGACCACTTTGTCAAGCTCATTTCCTGGTATGACAACGAATTTGGCTACAGCAACAGGG,GAPDH,
NM_002164.3:50,IDO1,NM_002164.3,51-150,CTATTATAAGATGCTCTGAAAACTCTTCAGACACTGAGGGGCACCAGAGGAGCAGACTACAAGAATGGCACACGCTATGGAAAACTCCTGGACAATCAGT,IDO1,
NM_002192.2:490,INHBA,NM_002192.2,491-590,GCGCTTCTGAACGCGATCAGAAAGCTTCATGTGGGCAAAGTCGGGGAGAACGGGTATGTGGAGATAGAGGATGACATTGGAAGGAGGGCAGAAATGAATG,INHBA,
NM_002253.2:1420,KDR,NM_002253.2,1421-1520,CAATCACACAATTAAAGCGGGGCATGTACTGACGATTATGGAAGTGAGTGAAAGAGACACAGGAAATTACACTGTCATCCTTACCAATCCCATTTCAAAG,KDR,
NM_002263.3:1546,KIFC1,NM_002263.3,1547-1646,CCCCAACTCGCCATGATTTTTCCTTTGACCGGGTATTCCCACCAGGAAGTGGACAGGATGAAGTGTTTGAAGAGATTGCCATGCTTGTCCAGTCAGCCCT,KIFC1,
NM_002266.2:917,KPNA2,NM_002266.2,918-1017,TGATGATCCAGAAGTATTAGCAGATACCTGCTGGGCTATTTCCTACCTTACTGATGGTCCAAATGAACGAATTGGCATGGTGGTGAAAACAGGAGTTGTG,KPNA2,
NM_002274.3:1548,KRT13,NM_002274.3,1549-1648,TCTCCTGATGGTGGGCCCTCTGTGCTCTTCTCTTCCGGTCGGATCTCTCTCCTCTCTGACCTGGATACGCTTTGGTTTCTCAACTTCTCTACCCCAAAGA,KRT13,
NM_002317.4:1575,LOX,NM_002317.4,1576-1675,CGCTACACAGGACATCATGCGTATGCCTCAGGCTGCACAATTTCACCGTATTAGAAGGCAAAGCAAAACTCCCAATGGATAAATCAGTGCCTGGTGTTCT,LOX,
NM_002345.3:1285,LUM,NM_002345.3,1286-1385,GCCATTATCCTACTCCAAGATCAAGCATTTGCGTTTGGATGGCAATCGCATCTCAGAAACCAGTCTTCCACCGGATATGTATGAATGTCTACGTGTTGCT,LUM,
NM_002354.1:415,EPCAM,NM_002354.1,416-515,AGAAGAGCAAAACCTGAAGGGGCCCTCCAGAACAATGATGGGCTTTATGATCCTGACTGCGATGAGAGCGGGCTCTTTAAGGCCAAGCAGTGCAACGGCA,EPCAM,
NM_002371.2:705,MAL,NM_002371.2,706-805,GCCTTCGCGTCCGGGTTGGGAGCTTGCTGTGTCTAACCTCCAACTGCTGTGCTGTCTGCTAGGGTCACCTCCTGTTTGTGAAAGGGGACCTTCTTGTTCG,MAL,
NM_002388.3:300,MCM3,NM_002388.3,301-400,GGCTTCTGAACAATGCCTTTGAGGAGCTGGTTGCCTTCCAGCGGGCCTTAAAGGATTTTGTGGCCTCCATTGATGCTACCTATGCCAAGCAGTATGAGGA,MCM3,
NM_002407.2:295,SCGB2A1,NM_002407.2,296-395,GGACTGATGATGCATACAGTGTACGACAGCATTTGGTGTAATATGAAGAGTAATTAACTTTACCCAAGGCGTTTGGCTCAGAGGGCTACAGACTATGGCC,SCGB2A1,
NM_002416.1:1975,CXCL9,NM_002416.1,1976-2075,CACCATCTCCCATGAAGAAAGGGAACGGTGAAGTACTAAGCGCTAGAGGAAGCAGCCAAGTCGGTTAGTGGAAGCATGATTGGTGCCCAGTTAGCCTCTG,CXCL9,
NM_002419.3:1960,MAP3K11,NM_002419.3,1961-2060,GAGCGTATCAGCATGCCACTCGACTTCAAGCACCGCATCACCGTGCAGGCCTCACCCGGCCTTGACCGGAGGAGAAACGTCTTCGAGGTCGGGCCTGGGG,MAP3K11,
NM_002440.3:472,MSH4,NM_002440.3,473-572,ACTCCATTGTCTACTGGAAATCCTCAGAGATCAGGTTATAAGAGCTGGACACCACAAGTGGGATATTCAGCTTCATCCTCATCTGCGATTTCTGCACACT,MSH4,
NM_002458.1:16311,MUC5B,NM_002458.1,16312-16411,GGGACCCGATGGGTTTCCTAAATTTCCCGGGGAGCGGTGGGTCAGCAACTGCCAGTCCTGCGTGTGTGACGAGGGTTCAGTGTCGGTGCAGTGCAAGCCC,MUC5B,
NM_002467.3:1610,MYC,NM_002467.3,1611-1710,TCGGACACCGAGGAGAATGTCAAGAGGCGAACACACAACGTCTTGGAGCGCCAGAGGAGGAACGAGCTAAAACGGAGCTTTTTTGCCCTGCGTGACCAGA,MYC,
NM_002468.3:2145,MYD88,NM_002468.3,2146-2245,ACGTTTTTCTAGGTACAGCTCCCAGGAACAGCTAGGTGGGAAAGTCCCATCACTGAGGGAGCCTAACCATGTCCCTGAACAAAAATTGGGCACTCATCTA,MyD88,
NM_002478.4:1635,MYOD1,NM_002478.4,1636-1735,TGTAATCTATTCCTGTAAATAAGAGTTGCTTTGCCAGAGCAGGAGCCCCTGGGGCTGTATTTATCTCTGAGGCATGGTGTGTGGTGCTACAGGGAATTTG,MYOD1,
NM_002485.4:1060,NBN,NM_002485.4,1061-1160,GACTACAAAGAATTACTGTGATCCTCAGGGCCATCCCAGTACAGGATTAAAGACAACAACTCCAGGACCAAGCCTTTCACAAGGCGTGTCAGTTGATGAA,NBN,
NM_002524.3:877,NRAS,NM_002524.3,878-977,ACCCTGGTCCTGACTTCCCTGGAGGAGAAGTATTCCTGTTGCTGTCTTCAGTCTCACAGAGAAGCTCCTGCTACTTCCCCAGCTCTCAGTAGTTTAGTAC,NRAS,
NM_002574.2:632,PRDX1,NM_002574.2,633-732,GACCCATGAACATTCCTTTGGTATCAGACCCGAAGCGCACCATTGCTCAGGATTATGGGGTCTTAAAGGCTGATGAAGGCATCTCGTTCAGGGGCCTTTT,PRDX1,
NM_002585.2:2735,PBX1,NM_002585.2,2736-2835,AGGAAGACCAGGTTTCCAGTGTAAACTACTCTTGTTCCCACCACCTCTGGAGCACTCAGGGAGCCCCATACAGTACTTACAATGTCTTTAATGGACTTGA,PBX1,
NM_002601.2:490,PDE6D,NM_002601.2,491-590,AGTCCCAGATGATGCCAGCAAGCGTCTTAACTGGGAACGTTATCATAGAAACAAAGTTTTTTGACGACGATCTTCTTGTAAGCACATCCAGAGTGAGACT,PDE6D,
NM_002609.3:840,PDGFRB,NM_002609.3,841-940,CGTGGGCTTCCTCCCTAATGATGCCGAGGAACTATTCATCTTTCTCACGGAAATAACTGAGATCACCATTCCATGCCGAGTAACAGACCCACAGCTGGTG,PDGFRB,
NM_002638.3:274,PI3,NM_002638.3,275-374,CCATGTTGAATCCCCCTAACCGCTGCTTGAAAGATACTGACTGCCCAGGAATCAAGAAGTGCTGTGAAGGCTCTTGCGGGATGGCCTGTTTCGTTCCCCA,PI3,
NM_002654.4:1376,PKM,NM_002654.4,1377-1476,ACAGCCAAAGGGGACTATCCTCTGGAGGCTGTGCGCATGCAGCACCTGATTGCCCGTGAGGCAGAGGCTGCCATCTACCACTTGCAATTATTTGAGGAAC,PKM2,
NM_002689.2:435,POLA2,NM_002689.2,436-535,GTTCAGTATGGACAGAATGAGGAGGGAATGGTAGGCGAGCTTATAGCCTTCTGCACCAGCACACATAAAGTTGGCCTTACCTCAGAGATCCTGAACTCTT,POLA2,
NM_002705.4:2435,PPL,NM_002705.4,2436-2535,GGAAGTACAGAAGATCTGTGCCAATTCCCAGCAGTACCAGCAAGCTGTAAAGGACTATGAGTTAGAAGCAGAAAAACTAAGGTCTCTTCTCGACTTGGAG,PPL,
NM_002818.2:315,PSME2,NM_002818.2,316-415,AGAAGAAAGAAGTCCATAAGTGTGGATTTCTCCCTGGGAATGAGAAAGTCCTGTCCCTGCTTGCCCTGGTTAAGCCAGAAGTCTGGACTCTCAAAGAGAA,PSME2,
NM_002834.3:1480,PTPN11,NM_002834.3,1481-1580,TGTCAAATACTGGCCTGATGAGTATGCTCTAAAAGAATATGGCGTCATGCGTGTTAGGAACGTCAAAGAAAGCGCCGCTCATGACTATACGCTAAGAGAA,PTPN11,
NM_002876.2:300,RAD51C,NM_002876.2,301-400,GCACTGGAACTTCTTGAGCAGGAGCATACCCAGGGCTTCATAATCACCTTCTGTTCAGCACTAGATGATATTCTTGGGGGTGGAGTGCCCTTAATGAAAA,RAD51C,
NM_002877.4:90,RAD51B,NM_002877.4,91-190,GGGTTTATCACAAGAGCTGTGTGACCGTCTGAGTAGACATCAGATCCTTACCTGTCAGGACTTTTTATGTCTTTCCCCACTGGAGCTTATGAAGGTGACT,RAD51B,
NM_002881.2:465,RALB,NM_002881.2,466-565,GTTCTCAATCACAGAACATGAATCCTTTACAGCAACTGCCGAATTCAGGGAACAGATTCTCCGTGTGAAGGCTGAAGAAGATAAAATTCCACTGCTCGTC,RALB,
NM_002888.2:580,RARRES1,NM_002888.2,581-680,CCCCTTGGAAATAGTCAGCATACCTGATAATCATGGACATATTGATCCCTCTCTGAGACTCATCTGGGATTTGGCTTTCCTTGGAAGCTCTTACGTGATG,RARRES1,
NM_002890.1:3024,RASA1,NM_002890.1,3025-3124,GTTTTTAGATGAACTTGGGAATGTACCTGAACTTCCGGACACTACAGAGCATTCTAGAACGGACCTGTCCCGTGATTTAGCAGCATTGCATGAGATTTGC,RASA1,
NM_002934.2:296,RNASE2,NM_002934.2,297-396,GCTAACGTAGTTAATGTTTGTGGTAACCCAAATATGACCTGTCCTAGTAACAAAACTCGCAAAAATTGTCACCACAGTGGAAGCCAGGTGCCTTTAATCC,RNASE2,
NM_002959.5:380,SORT1,NM_002959.5,381-480,CAGTATCCTTGTCCTGGGTTGGAGATAGCACTGGGGTCATTCTAGTCTTGACTACCTTCCATGTACCACTGGTAATTATGACTTTTGGACAGTCCAAGCT,SORT1,
NM_002985.2:280,CCL5,NM_002985.2,281-380,AGTGTGTGCCAACCCAGAGAAGAAATGGGTTCGGGAGTACATCAACTCTTTGGAGATGAGCTAGGATGGAGAGTCCTTGAACCTGAACTTACACAAATTT,CCL5,
NM_003010.2:2830,MAP2K4,NM_003010.2,2831-2930,TTGTATGACAGTGAAGCAGCACTGTGAGTGGTTCAAGCACACTGGAATATAAAACAGTCATGGCCTGAGATGCAGGTGATGCCATTACAGAACCAAATCG,MAP2K4,
NM_003051.3:635,SLC16A1,NM_003051.3,636-735,TGGTGGCTGCTTGTCAGGCTGTGGCTTGATTGCAGCTTCTTTCTGTAACACCGTACAGCAACTATACGTCTGTATTGGAGTCATTGGAGGTCTTGGGCTT,SLC16A1,
NM_003072.3:5400,SMARCA4,NM_003072.3,5401-5500,GCCCTGTCCTGGCATCAGTAGCATCTGTAACAGCATTAACTGTCTTAAAGAGAGAGAGAGAGAATTCCGAATTGGGGAACACACGATACCTGTTTTTCTT,SMARCA4,
NM_003073.3:1060,SMARCB1,NM_003073.3,1061-1160,AGAAGGAGAACTCACCAGAGAAGTTTGCCCTGAAGCTGTGCTCGGAGCTGGGGTTGGGCGGGGAGTTTGTCACCACCATCGCATACAGCATCCGGGGACA,SMARCB1,
NM_003090.2:119,SNRPA1,NM_003090.2,120-219,TACACCAACGCGGTGCGCGACCGGGAGCTGGACCTCCGGGGGTATAAAATTCCCGTCATTGAAAATCTAGGTGCTACGTTAGACCAGTTTGATGCTATTG,SNRPA1,
NM_003105.5:5744,SORL1,NM_003105.5,5745-5844,TTTCTATGCCACGTCCTTTCTTGACCTCTATCGCAACCCGAAGAGCTTGACTACTTCACTCCACAACAAGACGGTCATTGTCAGTAAGGATGAGCAGTAT,SORL1,
NM_003118.2:910,SPARC,NM_003118.2,911-1010,TTTTCGAGACCTGTGACCTGGACAATGACAAGTACATCGCCCTGGATGAGTGGGCCGGCTGCTTCGGCATCAAGCAGAAGGATATCGACAAGGATCTTGT,SPARC,
NM_003130.2:490,SRI,NM_003130.2,491-590,CGATACAGCACCAATGGAAAGATCACCTTCGACGACTACATCGCCTGCTGCGTCAAACTGAGGGCTCTTACAGACAGCTTTCGAAGACGGGATACTGCTC,SRI,
NM_003155.2:2265,STC1,NM_003155.2,2266-2365,GATGATGGGGTGGGAGACTTTCCATTAAATCAATCAGGAATGAGTCAATCAGCCTTTAGGTCTTTAGTCCGGGGGACTTGGGGCTGAGAGAGTATAAATA,STC1,
NM_003170.3:310,SUPT6H,NM_003170.3,311-410,ACTCTGGTGATTCAGAAGATGATGTTGGCCACAAGAAGAGAAAACGCACCTCTTTTGATGACCGCCTGGAGGATGATGATTTTGACCTCATTGAGGAGAA,SUPT6H,
NM_003174.2:1800,SVIL,NM_003174.2,1801-1900,ACATCAGTGTCTACCGTAGCATCCACGGTTGCTCCAATGTATGCCGGAGATCTTCGCACAAAGCCACCTCTTGACCACAATGCAAGTGCCACTGACTATA,SVIL,
NM_003186.3:260,TAGLN,NM_003186.3,261-360,GTGGGCGCTTGGGCTTCCAGGTCTGGCTGAAGAATGGCGTGATTCTGAGCAAGCTGGTGAACAGCCTGTACCCTGATGGCTCCAAGCCGGTGAAGGTGCC,TAGLN,
NM_003225.2:210,TFF1,NM_003225.2,211-310,TTTCGACGACACCGTTCGTGGGGTCCCCTGGTGCTTCTATCCTAATACCATCGACGTCCCTCCAGAAGAGGAGTGTGAATTTTAGACACTTCTGCAGGGA,TFF1,
NM_003226.2:581,TFF3,NM_003226.2,582-681,GCTTCTGCTGAAAGTTCATATCTGGAGCCTGATGTCTTAACGAATAAAGGTCCCATGCTCCACCCGAGGACAGTTCTTCGTGCCTGAAAAAAAAAAAAAA,TFF3,
NM_003247.2:4460,THBS2,NM_003247.2,4461-4560,AAACATCCTTGCAAATGGGTGTGACGCGGTTCCAGATGTGGATTTGGCAAAACCTCATTTAAGTAAAAGGTTAGCAGAGCAAAGTGCGGTGCTTTAGCTG,THBS2,
NM_003286.2:860,TOP1,NM_003286.2,861-960,GTGGGAAGAAGAGCGCTATCCTGAAGGCATCAAGTGGAAATTCCTAGAACATAAAGGTCCAGTATTTGCCCCACCATATGAGCCTCTTCCAGAGAATGTC,TOP1,
NM_003355.2:100,UCP2,NM_003355.2,101-200,CTGCCGTGTTCTCCCTGCGGCTCGGACACATAGTATGACCATTAGGTGTTTCGTCTCCCACCCATTTTCTATGGAAAACCAAGGGGATCGGGCCATGATA,UCP2,
NM_003379.4:290,EZR,NM_003379.4,291-390,GGAAAACAGCTTTTTGATCAGGTGGTAAAGACTATCGGCCTCCGGGAAGTGTGGTACTTTGGCCTCCACTATGTGGATAATAAAGGATTTCCTACCTGGC,EZR,
NM_003404.4:1610,YWHAB,NM_003404.4,1611-1710,ATGGTAATTCACAGTAATGCTGCCGTTGTTCGGGACTTAAAGACACTTGACCTGTTTGGGCTGTTGCCACTTAAAAGTTCATGACCACAAATGTCCACAG,YWHAB,
NM_003447.3:1985,ZNF165,NM_003447.3,1986-2085,CTTACTAGACATCGGCGAATTCACACTGGGGAAAGACCCTTTGGTTGCAAAGAATGTGGGAGAGCATTCAACCTGAACTCACATCTTATCAGGCATCAGA,ZNF165,
NM_003474.4:720,ADAM12,NM_003474.4,721-820,GTACTGATGTCTCCCTCGCTCGAAATTACACGGTAATTCTGGGTCACTGTTACTACCATGGACATGTACGGGGATATTCTGATTCAGCAGTCAGTCTCAG,ADAM12,
NM_003484.1:328,HMGA2,NM_003484.1,329-428,GAGGAGGAATTCTTTCCCCGCCTAACATTTCAAGGGACACAATTCACTCCAAGTCTCTTCCCTTTCCAAGCCGCTTCCGAAGTGCTCCCGGTGCCCGCAA,HMGA2,
NM_003489.2:335,NRIP1,NM_003489.2,336-435,TGACTCATGGAGAAGAGCTTGGCTCTGATGTGCACCAGGATTCTATTGTTTTAACTTACCTAGAAGGATTACTAATGCATCAGGCAGCAGGGGGATCAGG,NRIP1,
NM_003503.2:805,CDC7,NM_003503.2,806-905,ATCCCACATAATCACAGGAAACAAGATTCCACTGAGTGGCCCAGTACCTAAGGAGCTGGATCAGCAGTCCACCACAAAAGCTTCTGTTAAAAGACCCTAC,CDC7,
NM_003514.2:353,HIST1H2AM,NM_003514.2,354-453,CGGTGTTCTGCCTAACATCCAGGCCGTACTGCTCCCCAAGAAGACTGAGAGCCACCACAAAGCTAAGGGCAAGTAAGGGCTGAACTTTAAAAATGTAAAC,HIST1H2AM,
NM_003518.3:318,HIST1H2BG,NM_003518.3,319-418,GCTGGCCAAGCACGCAGTGTCCGAAGGTACCAAGGCTGTCACCAAGTATACAAGCTCCAAGTAAATGTGTGCTTAGGTGCTTTAAAACTCAAAGGCTCTT,HIST1H2BG,
NM_003523.2:321,HIST1H2BE,NM_003523.2,322-421,GCCAAGCACGCTGTGTCAGAGGGCACCAAGGCCGTTACCAAGTACACCAGCTCCAAGTAAACTTGTCCCTGCAACTGCCTTAGTAAACCCAAAGGCTCTT,HIST1H2BE,
NM_003524.2:312,HIST1H2BH,NM_003524.2,313-412,GGGGAACTGGCCAAGCACGCCGTGTCCGAGGGCACTAAGGCCGTCACCAAGTACACCAGCTCCAAATAAATGGACGCATGTTCAAACCCAAAGGCTCTTT,HIST1H2BH,
NM_003525.2:331,HIST1H2BI,NM_003525.2,332-431,CGGTGTCGGAGGGCACCAAGGCGGTCACCAAGTACACCAGCTCCAAGTAAACTAGTTACCTGGGTAAAAGCGCTAACGACCCAAAGGCTCTTCTAAGAGC,HIST1H2BI,
NM_003555.1:308,OR1G1,NM_003555.1,309-408,TTTCATGTTATTTGTGATGCTGGAGGCATTCCTCTTGGCGGTCATGGCCTATGACTGCTACGTGGCCATATGCCACCCACTTCATTACATTCTGATCATG,OR1G1,
NM_003600.2:405,AURKA,NM_003600.2,406-505,AGCTCCAGTTGGAGGTCCAAAACGTGTTCTCGTGACTCAGCAATTTCCTTGTCAGAATCCATTACCTGTAAATAGTGGCCAGGCTCAGCGGGTCTTGTGT,AURKA,
NM_003618.2:580,MAP4K3,NM_003618.2,581-680,ACAATTGCCAAACGGAAGTCTTTCATTGGCACACCATATTGGATGGCTCCAGAAGTTGCAGCTGTTGAGAGGAAGGGGGGTTACAATCAACTCTGTGATC,MAP4K3,
NM_003630.2:150,PEX3,NM_003630.2,151-250,AGAACGGGACGACGGCGCTCTTGCTGGGTCATCTGGGCCAGGTGACGAAGAAACAGTTTCCTGGTGAAGCAGTCCCTCACCCCTAGTCAGCCCACACCCC,PEX3,
NM_003656.3:550,CAMK1,NM_003656.3,551-650,GTGCTGGATGCTGTGAAATACCTGCATGACCTGGGCATTGTACACCGGGATCTCAAGCCAGAGAATCTGCTGTACTACAGCCTGGATGAAGACTCCAAAA,CAMK1,
NM_003691.2:435,STK16,NM_003691.2,436-535,GTCATCATTGACAATAAGCGCTACCTCTTCATCCAGAAACTGGGGGAGGGTGGGTTCAGCTATGTGGACCTAGTGGAAGGGTTACATGATGGACACTTCT,STK16,
NM_003766.2:810,BECN1,NM_003766.2,811-910,AGCTCAGTATCAGAGAGAATACAGTGAATTTAAACGACAGCAGCTGGAGCTGGATGATGAGCTGAAGAGTGTTGAAAACCAGATGCGTTATGCCCAGACG,BECLIN1,
NM_003900.3:1445,SQSTM1,NM_003900.3,1446-1545,GGGCCAGTTTCTCTGCCTTCTTCCAGGATCAGGGGTTAGGGTGCAAGAAGCCATTTAGGGCAGCAAAACAAGTGACATGAAGGGAGGGTCCCTGTGTGTG,SQSTM1,
NM_004052.2:325,BNIP3,NM_004052.2,326-425,CACCTCGCTCGCAGACACCACAAGATACCAACAGGGCTTCTGAAACAGATACCCATAGCATTGGAGAGAAAAACAGCTCACAGTCTGAGGAAGATGATAT,BNIP3,
NM_004053.3:1080,BYSL,NM_004053.3,1081-1180,TTCTACAACCTTGTCCTGCTCCCTCGAGTACGAGATGACGTTGCTGAATACAAACGACTCAACTTCCATCTCTACATGGCTCTCAAGAAGGCCCTTTTCA,BYSL,
NM_004106.1:36,FCER1G,NM_004106.1,37-136,AGTGGTCTTGCTCTTACTCCTTTTGGTTGAACAAGCAGCGGCCCTGGGAGAGCCTCAGCTCTGCTATATCCTGGATGCCATCCTGTTTCTGTATGGAATT,FCER1G,
NM_004111.4:425,FEN1,NM_004111.4,426-525,CCGGGAGAATGACATCAAGAGCTACTTTGGCCGTAAGGTGGCCATTGATGCCTCTATGAGCATTTATCAGTTCCTGATTGCTGTTCGCCAGGGTGGGGAT,FEN1,
NM_004139.2:792,LBP,NM_004139.2,793-892,ATCGTAACCACCGTTCTCCAGTTACCCTCCTTGCTGCAGTCATGAGCCTTCCTGAGGAACACAACAAAATGGTCTACTTTGCCATCTCGGATTATGTCTT,LBP,
NM_004181.4:530,UCHL1,NM_004181.4,531-630,CGTGGCACAGGAAGGCCAATGTCGGGTAGATGACAAGGTGAATTTCCATTTTATTCTGTTTAACAACGTGGATGGCCACCTCTATGAACTTGATGGACGA,UCHL1,
NM_004217.2:615,AURKB,NM_004217.2,616-715,AGATGCTCTAATGTACTGCCATGGGAAGAAGGTGATTCACAGAGACATAAAGCCAGAAAATCTGCTCTTAGGGCTCAAGGGAGAGCTGAAGATTGCTGAC,AURKB,
NM_004288.4:1065,CYTIP,NM_004288.4,1066-1165,AGCAGAAAGGGAAGTGTCCGAAAGCAACTCTTGAAATTTATCCCTGGCCTTCATCGTGCTGTGGAAGAGGAAGAAAGTCGCTTTTGACGGATTGTGGTGT,CYTIP,
NM_004321.4:3800,KIF1A,NM_004321.4,3801-3900,TCTCTCAACATCCTCTCTTCCGGATACATCCACCCAGCCCAAGATGACCGGACCTTTTACCAATTTGAGGCTGCGTGGGACAGCTCCATGCACAACTCTC,KIF1A,
NM_004331.2:260,BNIP3L,NM_004331.2,261-360,GCAATGATAATGGCAATGGGAAAAATGGGGGGCTGGAACACGTACCATCCTCATCCTCCATCCACAATGGAGACATGGAGAAGATTCTTTTGGATGCACA,BNIP3L,
NM_004333.3:565,BRAF,NM_004333.3,566-665,GTACCTGCAAGGTGTGGAGTTACAGTCCGAGACAGTCTAAAGAAAGCACTGATGATGAGAGGTCTAATCCCAGAGTGCTGTGCTGTTTACAGAATTCAGG,BRAF,
NM_004360.2:535,CDH1,NM_004360.2,536-635,GAATTGCTCACATTTCCCAACTCCTCTCCTGGCCTCAGAAGACAGAAGAGAGACTGGGTTATTCCTCCCATCAGCTGCCCAGAAAATGAAAAAGGCCCAT,CDH1,
NM_004363.2:1961,CEACAM5,NM_004363.2,1962-2061,CCTGCCACTCGGCCTCTAACCCATCCCCGCAGTATTCTTGGCGTATCAATGGGATACCGCAGCAACACACACAAGTTCTCTTTATCGCCAAAATCACGCC,CEACAM5,
NM_004385.3:9915,VCAN,NM_004385.3,9916-10015,GCAGGGTGCCCATCTCACAAGCATCCTGTCTCACGAAGAACAAATGTTTGTTAATCGTGTGGGCCATGATTATCAGTGGATAGGCCTCAATGACAAGATG,VCAN,
NM_004417.2:987,DUSP1,NM_004417.2,988-1087,TCAAGAATGCTGGAGGAAGGGTGTTTGTCCACTGCCAGGCAGGCATTTCCCGGTCAGCCACCATCTGCCTTGCTTACCTTATGAGGACTAATCGAGTCAA,DUSP1,
NM_004448.2:2380,ERBB2,NM_004448.2,2381-2480,CTGAAAGAGACGGAGCTGAGGAAGGTGAAGGTGCTTGGATCTGGCGCTTTTGGCACAGTCTACAAGGGCATCTGGATCCCTGATGGGGAGAATGTGAAAA,ERBB2,
NM_004460.2:1490,FAP,NM_004460.2,1491-1590,GCATTGGAAGCTATCCTCCAAGCAAGAAGTGTGTTACTTGCCATCTAAGGAAAGAAAGGTGCCAATATTACACAGCAAGTTTCAGCGACTACGCCAAGTA,FAP,
NM_004485.2:215,GNG4,NM_004485.2,216-315,AATGAAAGAGGGCATGTCTAATAACAGCACCACTAGCATCTCCCAAGCCAGGAAAGCTGTGGAGCAGCTAAAGATGGAAGCCTGTATGGACAGGGTCAAG,GNG4,
NM_004563.2:795,PCK2,NM_004563.2,796-895,GGGGAGCCAGTGAGCCAGTGGCCGTGCAACCCAGAGAAAACCCTGATTGGCCACGTGCCCGACCAGCGGGAGATCATCTCCTTCGGCAGCGGCTATGGTG,PCK2,
NM_004569.3:144,PIGH,NM_004569.3,145-244,GCTGCAGCGCCGCTACTACTCCCCGTCCTGCCGGGAATTCTGCCTCAGCTGCCCTCGGCTCTCGCTGCGTTCGCTCACCGCTGTCACCTGCACGGTGTGG,PIGH,
NM_004616.2:235,TSPAN8,NM_004616.2,236-335,CTGGCTATGTGGTATCTTGATCCTAGCATTAGCAATATGGGTACGAGTAAGCAATGACTCTCAAGCAATTTTTGGTTCTGAAGATGTAGGCTCTAGCTCC,TSPAN8,
NM_004629.1:1900,FANCG,NM_004629.1,1901-2000,AAGTGGCAATTAGTGAATTTAGCAGGTGCCTCGAGCTGCTCTTCCGGGCCACACCTGAGGAAAAAGAACAAGGGGCAGCTTTCAACTGTGAGCAGGGATG,FANCG,
NM_004656.2:240,BAP1,NM_004656.2,241-340,TGTATATGGATTTATCTTCCTGTTCAAATGGATCGAAGAGCGCCGGTCCCGGCGAAAGGTCTCTACCTTGGTGGATGATACGTCCGTGATTGATGATGAT,BAP1,
NM_004689.2:450,MTA1,NM_004689.2,451-550,CTATTCTCTAGTCTACGACCCACAGCAGAAGACCCTGCTGGCAGATAAAGGAGAGATTCGAGTAGGAAACCGGTACCAGGCAGACATCACCGACTTGTTA,MTA1,
NM_004696.1:1325,SLC16A4,NM_004696.1,1326-1425,CTTGCTCCTTTAGCCACCACATTTCCACTACTTATGACCTACACCATCTGCTTTGCCATCTTTGCTGGTGGTTACCTGGCATTGATACTGCCTGTACTGG,SLC16A4,
NM_004751.2:1865,GCNT3,NM_004751.2,1866-1965,TTCGTGGCATCCTTTAGGATAAGAGGGCTGCTATTAGAGTGTGGGTAAGTAGATCTTTTGCCTTGCAAATTGCTGCCTGGGTGAATGCTGCTTGTTCTCT,GCNT3,
NM_004776.3:4285,B4GALT5,NM_004776.3,4286-4385,CTACTGATGGGTGGCCCCTTAATCTTGTCTTTGATTGCTGTGTGCAGGGAAAGGTGTCCCCGTTTGTTCATGCTGTTTTGGGGGGTGGGGGGGTATTTGC,B4GALT5,
NM_004798.3:4800,KIF3B,NM_004798.3,4801-4900,ACATTAATACTGGTATCTCGAGGTGACTCTTCTGACCAAGGGTGGTTAAGTGACACATAGAACTTTTCTAAGAGAAGACAGACAAGTTGACAGGCATGCC,KIF3B,
NM_004863.3:5095,SPTLC2,NM_004863.3,5096-5195,AGCATCCTACACAACCACTAAGGGCTCTATGTTTGTGTCATGCCTCTTCAAACACCAAGGAGTTGAACATGCTTCCAGTGATTTGTCTCCGTAATGCCTT,SPTLC2,
NM_004887.4:1125,CXCL14,NM_004887.4,1126-1225,CCATACGTCACTATACATCTGAGCTTTATAAGCGCCCGGGAGGAACAATGAGCTTGGTGGACACATTTCATTGCAGTGTTGCTCCATTCCTAGCTTGGGA,CXCL14,
NM_004958.3:1865,MTOR,NM_004958.3,1866-1965,TCACTCTTGCCCTCCGAACGCTTGGCAGCTTTGAATTTGAAGGCCACTCTCTGACCCAATTTGTTCGCCACTGTGCGGATCATTTCCTGAACAGTGAGCA,FRAP1,
NM_004972.2:455,JAK2,NM_004972.2,456-555,CTCCTCCCGCGACGGCAAATGTTCTGAAAAAGACTCTGCATGGGAATGGCCTGCCTTACGATGACAGAAATGGAGGGAACATCCACCTCTTCTATATATC,JAK2,
NM_004985.3:327,KRAS,NM_004985.3,328-427,AACCTGTCTCTTGGATATTCTCGACACAGCAGGTCAAGAGGAGTACAGTGCAATGAGGGACCAGTACATGAGGACTGGGGAGGGCTTTCTTTGTGTATTT,KRAS,
NM_005013.2:452,NUCB2,NM_005013.2,453-552,CACTTCAGAGAAAAGCTCCAGAAAGCAGACATAGAGGAAATAAAGAGTGGGAGGCTAAGCAAAGAACTGGATTTAGTAAGTCACCATGTGAGGACAAAAC,NUCB2,
NM_005018.1:175,PDCD1,NM_005018.1,176-275,CTTCTTCCCAGCCCTGCTCGTGGTGACCGAAGGGGACAACGCCACCTTCACCTGCAGCTTCTCCAACACATCGGAGAGCTTCGTGCTAAACTGGTACCGC,PD.1,
NM_005023.3:1002,PGGT1B,NM_005023.3,1003-1102,GGCCTGTCACTAATGGAGGAAAGTGGAATTTGTAAAGTTCATCCTGCTCTGAATGTAAGCACACGGACTTCTGAACGCCTTCTAGATCTCCATCAAAGCT,PGGT1B,
NM_005046.2:1097,KLK7,NM_005046.2,1098-1197,ACTGGAACTGGACGTTCGTACAGTCTTTACGGAAGACACTTGGTCAACGTACACCGAGACCCTTATTCACCACCTTTGACCCAGTAACTCTAATCTTAGG,KLK7,
NM_005048.2:1280,PTH2R,NM_005048.2,1281-1380,GCAATACAGGAAACTGGCCAAATCGACACTGGTCCTGGTCCTAGTCTTTGGAGTGCATTACATCGTGTTCGTATGCCTGCCTCACTCCTTCACTGGGCTC,PTH2R,
NM_005101.3:305,ISG15,NM_005101.3,306-405,CCCGGCAGCACGGTCCTGCTGGTGGTGGACAAATGCGACGAACCTCTGAGCATCCTGGTGAGGAATAACAAGGGCCGCAGCAGCACCTACGAGGTACGGC,ISG15,
NM_005110.2:2254,GFPT2,NM_005110.2,2255-2354,TGCTCCTGTAGAGCTTGACAGCTTCCACGTGCCTTCTACCCAAGTGCTTTTGCTTACAGCAGATACTGTTTCTCTGTGTCCTGAAGTCGCCAGAGGAGAA,GFPT2,
NM_005163.2:1772,AKT1,NM_005163.2,1773-1872,TTCTTTGCCGGTATCGTGTGGCAGCACGTGTACGAGAAGAAGCTCAGCCCACCCTTCAAGCCCCAGGTCACGTCGGAGACTGACACCAGGTATTTTGATG,AKT1,
NM_005192.3:510,CDKN3,NM_005192.3,511-610,TACCGAAAAACCTTAATACACTGCTATGGAGGACTTGGGAGATCTTGTCTTGTAGCTGCTTGTCTCCTACTATACCTGTCTGACACAATATCACCAGAGC,CDKN3,
NM_005211.2:3775,CSF1R,NM_005211.2,3776-3875,CATACTGGTACTGCTGTAATGAGCCAAGTGGCAGCTAAAAGTTGGGGGTGTTCTGCCCAGTCCCGTCATTCTGGGCTAGAAGGCAGGGGACCTTGGCATG,CSF1R,
NM_005214.3:405,CTLA4,NM_005214.3,406-505,AGTCTGTGCGGCAACCTACATGATGGGGAATGAGTTGACCTTCCTAGATGATTCCATCTGCACGGGCACCTCCAGTGGAAATCAAGTGAACCTCACTATC,CTLA4,
NM_005225.1:935,E2F1,NM_005225.1,936-1035,CCAGCTCCAAGCCGTGGACTCTTCGGAGAACTTTCAGATCTCCCTTAAGAGCAAACAAGGCCCGATCGATGTTTTCCTGTGCCCTGAGGAGACCGTAGGT,E2F1,
NM_005251.2:1389,FOXC2,NM_005251.2,1390-1489,CCCCGGCCACACGTTCGCGGCCCAGCAGCAAACTTTCCCCAACGTGCGGGAGATGTTCAACTCCCACCGGCTGGGGATTGAGAACTCGACCCTCGGGGAG,FOXC2,
NM_005264.4:1895,GFRA1,NM_005264.4,1896-1995,GCACAGAAGCTGAAATCCAATGTGTCGGGCAATACACACCTCTGTATTTCCAATGGTAATTATGAAAAAGAAGGTCTCGGTGCTTCCAGCCACATAACCA,GFRA1,
NM_005270.4:2180,GLI2,NM_005270.4,2181-2280,CCAGCTGCGCAAACACATGACCACCATGCACCGGTTCGAGCAGCTCAAGAAGGAGAAGCTCAAGTCACTCAAGGATTCCTGCTCATGGGCCGGGCCGACT,GLI2,
NM_005342.2:3066,HMGB3,NM_005342.2,3067-3166,AGTGGGGGAGCAGTTTAGCCAGATGATCTTTGATTAGGCAAACATTGAGTTTTAAAGAGGCTGTCAAGTTGAGGCCACTTGGTCCATTAGCTGGGGCAGC,HMGB3,
NM_005343.2:396,HRAS,NM_005343.2,397-496,AGTACATGCGCACCGGGGAGGGCTTCCTGTGTGTGTTTGCCATCAACAACACCAAGTCTTTTGAGGACATCCACCAGTACAGGGAGCAGATCAAACGGGT,HRAS,
NM_005378.4:1545,MYCN,NM_005378.4,1546-1645,AAGGCCGCCAAGGTGGTCATTTTGAAAAAGGCCACTGAGTATGTCCACTCCCTCCAGGCCGAGGAGCACCAGCTTTTGCTGGAAAAGGAAAAATTGCAGG,MYCN,
NM_005402.2:1178,RALA,NM_005402.2,1179-1278,GTGTTTCTTGGGCAGTCTTTCTTGAAATTGAAGAGGTGAAATGGGGGTGGGGAGTGGGAGGAAAGGTGACTTCCTCTGGTGTTTATTATAAAGCTTAAAT,RALA,
NM_005407.1:1890,SALL2,NM_005407.1,1891-1990,AGTGGAGTGGCAGAAAGTAGCACGGCAACTCGCATGCAACTAAGTAAGTTGGTGACTTCACTACCAAGCTGGGCACTGCTTACCAACCACTTCAAGTCCA,SALL2,
NM_005409.3:590,CXCL11,NM_005409.3,591-690,CAGAATTCCACTGCCCAAAGGAGTCCAGCAATTAAATGGATTTCTAGGAAAAGCTACCTTAAGAAAGGCTGGTTACCATCGGAGTTTACAAAGTGCTTTC,CXCL11,
NM_005472.4:2528,KCNE3,NM_005472.4,2529-2628,TGAATTCAGAAACTATCCCAGATCTCAGCTAGAACCATCCACTGTTCTGTTTGTCCAGTTTCAACTTAAGGGATCTCCATGCGGTCCCTGGAAGTACCCA,KCNE3,
NM_005502.3:4936,ABCA1,NM_005502.3,4937-5036,GACGTATGTGCAGATCATAGCCAAAAGCTTAAAGAACAAGATCTGGGTGAATGAGTTTAGGTATGGCGGCTTTTCCCTGGGTGTCAGTAATACTCAAGCA,ABCA1,
NM_005526.2:191,HSF1,NM_005526.2,192-291,GGCGCGGCGGGGCCCAGCAACGTCCCGGCCTTCCTGACCAAGCTGTGGACCCTCGTGAGCGACCCGGACACCGACGCGCTCATCTGCTGGAGCCCGAGCG,HSF1,
NM_005554.3:991,KRT6A,NM_005554.3,992-1091,AGCAGCAGAGAATGAATTTGTGACTCTGAAGAAGGATGTGGATGCTGCCTACATGAACAAGGTTGAACTGCAAGCCAAGGCAGACACTCTCACAGACGAG,KRT6,
NM_005584.3:55,MAB21L1,NM_005584.3,56-155,CCGGACACACACTCAGCACACTTTTCCTCCATTTGATTAACAGTGCTGCACACACAATGATTACGGGAAAGCGCAAATAAATACGGAAAGGGGTGCTTAT,MAB21L1,
NM_005591.3:505,MRE11A,NM_005591.3,506-605,TTCCATGGGTGAACTATCAAGATGGCAACCTCAACATTTCAATTCCAGTGTTTAGTATTCATGGCAATCATGACGATCCCACAGGGGCAGATGCACTTTG,MRE11A,
NM_005631.3:1615,SMO,NM_005631.3,1616-1715,AACGAGACCATGCTGCGCCTGGGCATTTTTGGCTTCCTGGCCTTTGGCTTTGTGCTCATTACCTTCAGCTGCCACTTCTACGACTTCTTCAACCAGGCTG,SMO,
NM_005655.3:2092,KLF10,NM_005655.3,2093-2192,TTTCAATGTGATTCTTCTAAAGCACTGGTTTCAAGAATATGGAGGCTGGAAGGAAATAAACATTACGGTACAGACATGGAGATGTAAAATGAGTTTGTAT,KLF10,
NM_005732.2:5397,RAD50,NM_005732.2,5398-5497,GCCAGGACCATACCGGGTCTTGATTCAGTCACATGGCATGGTTTTGTGCCATCTGTAGCTATAATGAGCATGTTTGCCTAGACAGCTTTTCTCAACTGGG,RAD50,
NM_005764.3:15,PDZK1IP1,NM_005764.3,16-115,TCCTCCCTCCCTCGCCTTCCTCCTTCCTAGCTCCTCTCCTCCAGGGCCAGACTGAGCCCAGGTTGATTTCAGGCGGACACCAATAGACTCCACAGCAGCT,PDZK1IP1,
NM_005845.3:832,ABCC4,NM_005845.3,833-932,TGCTGGGATGGCAGTTCTAATCATTCTCCTGCCCTTGCAAAGCTGTTTTGGGAAGTTGTTCTCATCACTGAGGAGTAAAACTGCAACTTTCACGGATGCC,ABCC4,
NM_005883.2:8120,APC2,NM_005883.2,8121-8220,GGGCGTGGTCAGTGCCCAGGACCGCACCGCTGCTCATCTTGTCCCTTTTCAATTCCCTTCTGGTTCATGATGCATAAAGCGCTAGGCCCTAGAACTCCAG,APC2,
NM_005906.3:1395,MAK,NM_005906.3,1396-1495,TAAAAGTGGTAGGAGGCGTTGGGGTCAGACTATCTTCAAGTCTGGAGATAGCTGGGAAGAGTTGGAGGACTATGATTTCGGAGCCTCCCATTCCAAGAAG,MAK,
NM_005924.4:0,MEOX2,NM_005924.4,1-100,GAAAGCAGTTCTCTGGGACCACCTTCTTTTGGCTTCAACCTCTCCCACTCTTGACATCTGAGTAGCTCAGGGAAGCTCTTCCAGGTCCGACTGTTCATAT,MEOX2,
NM_005994.3:935,TBX2,NM_005994.3,936-1035,CACGGCTTCACCATCCTAAACTCCATGCACAAGTACCAGCCGCGCTTCCACATAGTGCGAGCCAACGACATCCTGAAGCTGCCTTACAGCACCTTCCGCA,TBX2,
NM_006138.4:1304,MS4A3,NM_006138.4,1305-1404,GATGGGAGGGTTAAGGCTCAGGGATTTTATTTCAGTGAACTGCTGGAACTCACACATGCCCTGATATGTAAATGATGATTTATGTTGGCGAGTCTGAGAG,MS4A3,
NM_006149.3:995,LGALS4,NM_006149.3,996-1095,AGAAGATCACCCACAACCCATTTGGTCCCGGACAGTTCTTTGATCTGTCCATTCGCTGTGGCTTGGATCGCTTCAAGGTTTACGCCAATGGCCAGCACCT,LGALS4,
NM_006181.2:1526,NTN3,NM_006181.2,1527-1626,GACTCGCACTGCAAACCTGCCCGTGGCAGCTACCGCATCAGCCTAAAGAAGTTCTGCAAGAAGGACTATGCGGTGCAGGTGGCGGTGGGTGCGCGCGGCG,NTN2L,
NM_006206.3:1925,PDGFRA,NM_006206.3,1926-2025,TAGTGCTTGGTCGGGTCTTGGGGTCTGGAGCGTTTGGGAAGGTGGTTGAAGGAACAGCCTATGGATTAAGCCGGTCCCAACCTGTCATGAAAGTTGCAGT,PDGFRA,
NM_006208.1:2610,ENPP1,NM_006208.1,2611-2710,CGAGAGCTGTGTGCATGGGAAGCATGACTCCTCATGGGTTGAAGAATTGTTAATGTTACACAGAGCACGGATCACAGATGTTGAGCACATCACTGGACTC,ENPP1,
NM_006218.2:2445,PIK3CA,NM_006218.2,2446-2545,CCTCAGGCTTGAAGAGTGTCGAATTATGTCCTCTGCAAAAAGGCCACTGTGGTTGAATTGGGAGAACCCAGACATCATGTCAGAGTTACTGTTTCAGAAC,PIK3CA,
NM_006285.2:810,TESK1,NM_006285.2,811-910,ATTGCCCGAGGCCTGCGGTACCTGCACTCCAAAGGTGTATTTCACCGCGACCTCACATCCAAGAACTGTCTAGTCCGACGGGAAGATCGAGGCTTCACCG,TESK1,
NM_006356.2:488,ATP5H,NM_006356.2,489-588,AAACCAAATTAGACAAGAAAAAGTATCCCTATTGGCCTCACCAACCAATTGAGAATTTATAAAATTGAGTCCAGGAGGAAGCTCTGGCCCTTGTATTACA,ATP5H,
NM_006389.3:3545,HYOU1,NM_006389.3,3546-3645,CAGGTTGCTGGGGAGTTTCCACTCTTCTCTGGTGATTGTTCCTTCCCTCCCTTCCTCTCCCACCATGCGATGAGCATCCTTTCAGGCCAGTGTCTGCAGA,HYOU1,
NM_006417.4:750,IFI44,NM_006417.4,751-850,TTTCCAAGGGCATGTAACGCATCAGGCTTTGGTGGGCACTAATACAACTGGGATATCTGAGAAGTATAGGACATACTCTATTAGAGACGGGAAAGATGGC,IFI44,
NM_006437.3:1170,PARP4,NM_006437.3,1171-1270,CATGGTTAATGTCTGTGAAACTAATTTGTCCAAACCCAACCCACCATCCCTGGCCAAATACCGAGCTTTGAGGTGCAAAATTGAGCATGTTGAACAGAAT,PARP4,
NM_006475.2:991,POSTN,NM_006475.2,992-1091,GGAGACAAAGTGGCTTCCGAAGCTCTTATGAAGTACCACATCTTAAATACTCTCCAGTGTTCTGAGTCTATTATGGGAGGAGCAGTCTTTGAGACGCTGG,POSTN,
NM_006510.4:1725,TRIM27,NM_006510.4,1726-1825,GTCACACCTTCACTTTCTCTCATGCTACCTTTTGTGGGCCTGTCCGGCCCTACTTCAGTCTGAGTTACTCGGGAGGGAAAAGTGCAGCTCCTCTGATCAT,TRIM27,
NM_006516.2:2500,SLC2A1,NM_006516.2,2501-2600,AGGCTCCATTAGGATTTGCCCCTTCCCATCTCTTCCTACCCAACCACTCAAATTAATCTTTCTTTACCTGAGACCAGTTGGGAGCACTGGAGTGCAGGGA,GLUT1,
NM_006528.3:698,TFPI2,NM_006528.3,699-798,GGTGTCACCGGAACCGGATTGAGAACAGGTTTCCAGATGAAGCTACTTGTATGGGCTTCTGCGCACCAAAGAAAATTCCATCATTTTGCTACAGTCCAAA,TFPI2,
NM_006531.3:1392,IFT88,NM_006531.3,1393-1492,GGTGCGTGGAAGTGGTGAAAGCTTCTCAATATGTAGAGCTAGCCAATGATCTGGAAATAAACAAAGCAGTTACATACTTGAGACAAAAAGACTATAACCA,IFT88,
NM_006551.3:95,SCGB1D2,NM_006551.3,96-195,CTCTGCTGCTACCAGGCCAATGCCGAGTTCTGCCCAGCTCTTGTTTCTGAGCTGTTAGACTTCTTCTTCATTAGTGAACCTCTGTTCAAGTTAAGTCTTG,SCGB1D2,
NM_006622.2:1395,PLK2,NM_006622.2,1396-1495,TACCACCACAGTTGCCAGGTCTGGAACACCCGCAGTAGAAAACAAGCAGCAGATTGGGGATGCTATTCGGATGATAGTCAGAGGGACTCTTGGCAGCTGT,PLK2,
NM_006829.2:8,ADIRF,NM_006829.2,9-108,CCCTGGGGCGCCTTAAAAACCGGAGCTGGCGCTTGGCATCGCCACTCTGGGCAGGATCCAACGTCGCTCCAGCTGCTCTTGACGACTCCACAGATACCCC,C10orf116,
NM_006877.3:325,GMPR,NM_006877.3,326-425,CCATGTTTACAGCAATTCATAAGCATTACTCCCTGGATGACTGGAAGCTCTTTGCCACAAATCACCCAGAATGCCTGCAGAATGTAGCCGTGAGTTCAGG,GMPR,
NM_006908.4:500,RAC1,NM_006908.4,501-600,CTGCATCATTTGAAAATGTCCGTGCAAAGTGGTATCCTGAGGTGCGGCACCACTGTCCCAACACTCCCATCATCCTAGTGGGAACTAAACTTGATCTTAG,RAC1,
NM_006931.2:35,SLC2A3,NM_006931.2,36-135,GGCTGGGGGCTTGTCGCCCTTTCAGGCTCCACCCTTTGCGGAGATTATAAATAGTCATGATCCCAGCGAGACCCAGAGATGCTGTAATGGTAAGACTTTG,SLC2A3,
NM_006941.3:2159,SOX10,NM_006941.3,2160-2259,GGCCGTGTCTCCCACTCAGGGGCTGAGAGTAGCTTTGAGGAGCCTCATTGGGGAGTGGGGGGTTCGAGGGACTTAGTGGAGTTCTCATCCCTTCAATGCC,SOX10,
NM_006956.2:3905,ZNF12,NM_006956.2,3906-4005,GCCAGCAGTTGATTTACAGTGGTCACAGGGCCCAATTCTAGACATAAAACAAAGGATATACCTGACAGACTACTTCTGGAAAAGGTTTTCTCAAAGGCCC,ZNF12,
NM_007013.3:990,WWP1,NM_007013.3,991-1090,TGCCGATGACACTGTTAATGGAGAATCATCCTCATTTGCACCAACTGATAATGCGTCTGTCACGGGTACTCCAGTAGTGTCTGAAGAAAATGCCTTGTCT,WWP1,
NM_007050.5:10810,PTPRT,NM_007050.5,10811-10910,TTAGGGGCTTGATCATTATGGGGCTTCCTTCTATATCTGAGAACTGCTCTGGGTGGTGAGATGTGGACTCTGATCCTTAATTGGAATGTTCGGAGAATGA,PTPRT,
NM_007210.3:1734,GALNT6,NM_007210.3,1735-1834,CTGCACTGTCACAACTTTTCCTGGTACCTGCACAATGTCTACCCAGAGATGTTTGTTCCTGACCTGACGCCCACCTTCTATGGTGCCATCAAGAACCTCG,GALNT6,
NM_007305.2:1275,BRCA1,NM_007305.2,1276-1375,CATTAGATGATAGGTGGTACATGCACAGTTGCTCTGGGAGTCTTCAGAATAGAAACTACCCATCTCAAGAGGAGCTCATTAAGGTTGTTGATGTGGAGGA,BRCA1,
NM_007353.2:4180,GNA12,NM_007353.2,4181-4280,AATTTAGGGGTTCTGGGCACAGACATCTAACCTGGTATTGTAAGGCAGAGGCTCCCATTGGAATGGTAGTGGTCCGGGTCAGTTGTTCATGGTGTAAGCT,GNA12,
NM_012112.4:2975,TPX2,NM_012112.4,2976-3075,TGGGACCTGCTCTTAACCTCAAACCTAGGACCGTCTTGCTTTGTCATTGGGCATGGAGAGAACCCATTTCTCCAGACTTTTACCTACCCGTGCCTGAGAA,TPX2,
NM_012144.2:1692,DNAI1,NM_012144.2,1693-1792,TGCCTTTGACTTCCACAAAGAGATTGACTACATGTTCCTAGTGGGCACAGAGGAGGGAAAAATCTACAAGTGCTCTAAATCCTACTCCAGCCAATTCCTC,DNAI1,
NM_012152.1:685,LPAR3,NM_012152.1,686-785,GGAAAACCAACGTCTTGTCTCCGCATACAAGTGGGTCCATCAGCCGCCGGAGGACACCCATGAAGCTAATGAAGACGGTGATGACTGTCTTAGGGGCGTT,LPAR3,
NM_012241.3:300,SIRT5,NM_012241.3,301-400,GACCTCTCCAGATTGTCCCAAGTCGATTGATTTCCCAGCTATATTGTGGCCTGAAGCCTCCAGCGTCCACACGAAACCAGATTTGCCTGAAAATGGCTCG,SIRT5,
NM_012255.3:900,XRN2,NM_012255.3,901-1000,TTGGACATGAGGTCAAAGATTGTGAAGGTTTGCCAAGAGAAAAGAAGGGAAAGCATGATGAACTTGCCGATAGTCTTCCTTGTGCAGAAGGAGAGTTTAT,XRN2,
NM_012307.2:3758,EPB41L3,NM_012307.2,3759-3858,ATATTTACAATAAATGAAGATTACCCTCAAATGCTAGAAGCTGTCTAGGTCCGTCCGGTGTGTCAGATTTTCCTCAGATTAGATGTGCCAATAACCAAGT,EPB41L3,
NM_012310.3:3231,KIF4A,NM_012310.3,3232-3331,GGAGCAAAGCATGGACATCGAGGATCTAAAATATTGTTCAGAGCATTCTGTGAATGAGCATGAGGATGGTGATGGTGATGATGATGAGGGGGATGACGAG,KIF4A,
NM_012448.3:1410,STAT5B,NM_012448.3,1411-1510,CCACTTCAGGAATATGTCCCTGAAACGAATTAAGAGGTCAGACCGTCGTGGGGCAGAGTCGGTGACAGAAGAAAAATTTACAATCCTGTTTGAATCCCAG,STAT5B,
NM_013299.3:1288,SAC3D1,NM_013299.3,1289-1388,CTTGGACGGAGAGGAGAGAGTTGTGTTCCTGAGGGGTCGCTACGTGGAGGAAGGGCTACCGCCTGCCAGTACGTGCAAGGTGTTAGTGGAGAGCAAACTT,SAC3D1,
NM_013953.3:3465,PAX8,NM_013953.3,3466-3565,CTGAAGGGATCTGAGATGCGGCTGGTTTTTCAATGGCAGAACTTCCCTCTGCAGCGCGACTCCGAATCCATGACATCTGAGAGTCTTCCTGACCACAAAC,PAX8,
NM_014009.3:1230,FOXP3,NM_014009.3,1231-1330,GGGCCATCCTGGAGGCTCCAGAGAAGCAGCGGACACTCAATGAGATCTACCACTGGTTCACACGCATGTTTGCCTTCTTCAGAAACCATCCTGCCACCTG,FOXP3,
NM_014143.3:1245,CD274,NM_014143.3,1246-1345,GGATACTTCTGAACAAGGAGCCTCCAAGCAAATCATCCATTGCTCATCCTAGGAAGACGGGTTGAGAATCCCTAATTTGAGGGTCAGTTCCTGCAGAAGT,PD.L1,
NM_014149.3:2776,WDR91,NM_014149.3,2777-2876,CAGGCTCTCCTGTTGCTTTGCCATGGAGCCAGGTCAGCTCTCTGTCTGTTCTGCTGGGTAACAAGGTTTGGCAGTTCCTGTTTCTCTGGGCTTAAGTCAA,WDR91,
NM_014173.3:886,BABAM1,NM_014173.3,887-986,TCTTCTTTGACGTTGTTTACATCCACAATGGCACTGAGGAGAAGGAGGAGGAGATGAGTTGGAAGGATATGTTTGCCTTCATGGGCAGCCTGGATACCAA,BABAM1,
NM_014205.2:668,ZNHIT2,NM_014205.2,669-768,GCCGCTCGTGCGCTTCCAGCTGCCCAATGTGCTGTTCGCCTACGCGCATACTCTCGCCCTGTATCACGGCGGTGACGACGCGCTGCTCTCTGACTTCTGT,ZNHIT2,
NM_014213.3:1365,HOXD9,NM_014213.3,1366-1465,TTTGGGGTTTCGCCCTATCCCACTCCCTCTCTTTCCTGCTCCATTGGTTCCTTAAGAAATGCTATATTTTGTGAGTGCAAGCTGGCTTGGGGAGCCCTCT,HOXD9,
NM_014298.3:1160,QPRT,NM_014298.3,1161-1260,CCTAATCTGTAAAATGGGTCTAATAAAGGATCAACCACATGGGGTTCTGCGGTGATAATGAGCACATAGTGAGGGGTCAGCAAATGTCAGAAGTTACCTG,QPRT,
NM_014363.4:1475,SACS,NM_014363.4,1476-1575,TTGAGTCTTTTAGGGCAGATGCAGACACAGTGCTGCTCTTTCTGAAAAGTGTGCAGGATGTTTCCTTATATGTCCGAGAGGCTGACGGAACAGAGAAACT,SACS,
NM_014391.2:578,ANKRD1,NM_014391.2,579-678,GAACCTGAAATCATTACGGAACCTGTGGATGTGCCTACGTTTCTGAAGGCTGCTCTGGAGAATAAACTGCCAGTAGTAGAAAAATTCTTGTCAGACAAGA,ANKRD1,
NM_014407.3:684,KCNMB3,NM_014407.3,685-784,CCGTGATGCTGGGGTTTGCCATGATGGGCTTCTCAGTCCTAATGTTCTTCTTGCTCGGAACAACCATTCTAAAGCCTTTTATGCTCAGCATTCAGAGAGA,KCNMB3,
NM_014420.2:640,DKK4,NM_014420.2,641-740,CCAGAAGAGGGCATAAAGACACTGCTCAAGCTCCAGAAATCTTCCAGCGTTGCGACTGTGGCCCTGGACTACTGTGTCGAAGCCAATTGACCAGCAATCG,DKK4,
NM_014479.2:906,ADAMDEC1,NM_014479.2,907-1006,TTGACAACTTCCTGAGATGGCACAGTTCTAACCTGGGGAAAAAGATCCACGACCATGCTCAGCTTCTCAGCGGGATTAGCTTCAACAATCGACGTGTGGG,ADAMDEC1,
NM_014585.5:1665,SLC40A1,NM_014585.5,1666-1765,GCTAATATTGTCCCGGAGACAAGTCCTGAATCTGTGCCCATAATCTCTGTCAGTCTGCTGTTTGCAGGCGTCATTGCTGCTAGAATCGGTCTTTGGTCCT,SLC40A1,
NM_014624.3:406,S100A6,NM_014624.3,407-506,GAAGGAGCTGAAGGAGCTGATCCAGAAGGAGCTCACCATTGGCTCGAAGCTGCAGGATGCTGAAATTGCAAGGCTGATGGAAGACTTGGACCGGAACAAG,S100A6,
NM_014753.3:1360,BMS1,NM_014753.3,1361-1460,GTTTATGCGCCTCTTTCTGGAGTTGGGGGTGTGCTGTATGACAAAGACGCTGTCTATGTTGACCTTGGTGGCAGCCACGTTTTTCAGGATGAAGTGGGGC,BMS1,
NM_014765.2:2081,TOMM20,NM_014765.2,2082-2181,GCCTCTGATTAGCCGCACAGCCTTGAACAAATCACATTTCATCTTTGAACTTACCTCTACTGTTAGACTAGGCGACTCACATTTGAGGACTTTTCTCGGG,TOMM20,
NM_014784.2:6120,ARHGEF11,NM_014784.2,6121-6220,TTTTTGTTCCTGTTCCTGAAGTGCTGGAGGCAGTTATGGAAGGAGCTGCTTAGGGAAGAGGGGTTTCACTTGTATCTCCTTAGTTAACAACCCAGTTCCA,ARHGEF11,
NM_014817.3:4530,TRIL,NM_014817.3,4531-4630,CTGAGTAGGGAACCAGCCATCTGAATGAGCTGATCGTTGTTTATGTTCAAATGAGTAAATGTCCAGACCACTTAAAACTACAGCTGCTTTTCTGGCAGTC,TRIL,
NM_014819.4:595,PJA2,NM_014819.4,596-695,GAGGAAGGCAGGGATACCTTAGGAAGCAGTACAAATCTTCATAATCACTCTGAGGGAGAGTATATTCCAGGAGCTTGTAGTGCTTCAAGTGTCCAAAATG,PJA2,
NM_014840.2:6065,NUAK1,NM_014840.2,6066-6165,ACAAAGCAGGAGATTCACTGTCAGCTTTCCTGGTCCTCTCCTTACTTCTGTGGGCCTTGCACCGTCTTAGTTTACACATCTGCCAAAGGGGTAGAATTAC,NUAK1,
NM_014880.4:2237,CD302,NM_014880.4,2238-2337,AACTATTAACAGTGCGGCTACATGGTACTGAAAATGCAGGCATTACACCAGCTGTTACACAAGCACAAGCATGCTCTGTAAGAGCTTTACATTTCTGAGA,CD302,
NM_014899.3:2512,RHOBTB3,NM_014899.3,2513-2612,TCTTTGGAAAAAAACTACCACTGTGGTCTTAAAAGGGAACAAAATATACCATAGGCTAAAACTAAGGCTTTCACTCTAGAATGCAAAGCTGTTTTGCAGC,RHOBTB3,
NM_015032.3:174,PDS5B,NM_015032.3,175-274,AATATTTCTGTCATGGCTCATTCAAAGACTAGGACCAATGATGGAAAAATTACATATCCGCCTGGGGTCAAGGAAATATCAGATAAAATATCTAAAGAGG,PDS5B,
NM_015069.2:3044,ZNF423,NM_015069.2,3045-3144,ATGATGGCTCACGCAAGAAGGCTGAGTTTATCAAGGGCAGTCACAAGTGCAACGTTTGTTCACGGACTTTCTTCTCGGAGAACGGGCTACGGGAGCACCT,ZNF423,
NM_015070.3:3895,ZC3H13,NM_015070.3,3896-3995,AAGAAGAAGTTCTCCAGAGTCAGATCGACAGGTCCATTCAAGATCTGGGTCATTTGATAGCAGAGACAGGCTTCAAGAACGAGATCGATATGAACACGAC,ZC3H13,
NM_015083.2:1806,CDK12,NM_015083.2,1807-1906,GATGGAAAGGAGTCCAAGGGTTCACCTGTATTTTTGCCTAGAAAAGAGAACAGTTCAGTAGAGGCTAAGGATTCAGGTTTGGAGTCTAAAAAGTTACCCA,CDK12,
NM_015116.2:715,LRCH1,NM_015116.2,716-815,CTGCCTGTGTGGTCTGCCTCTCAAAGTCTTAATCGCAAGTAACAACAAACTTGGATCATTACCAGAAGAGATAGGTCAGCTCAAACAGTTAATGGAGCTG,LRCH1,
NM_015190.3:530,DNAJC9,NM_015190.3,531-630,GCAGTACACAGAGGAACCCAGGATAAGGAATATCATTCAGCAAGCTATTGACGCCGGAGAGGTCCCATCCTATAATGCCTTTGTCAAAGAATCGAAACAA,DNAJC9,
NM_015198.3:3390,COBL,NM_015198.3,3391-3490,AGCCCAGTGTGTTCTCTACAGATGGAAATGAAACAGACAGTATTTGGCCACCCAGCATTTTTGGGCCGAAGAAAAAATTCAAACCTGTTGTCCAGAGACC,COBL,
NM_015201.3:203,BOP1,NM_015201.3,204-303,ACCGGCAGCGATTCTGGCGTCTCCGACAGCGAGGAGAGTGTGTTCTCAGGCCTGGAAGATTCCGGCAGTGACAGCAGTGAGGATGATGACGAAGGCGACG,BOP1,
NM_015229.3:4303,CLUH,NM_015229.3,4304-4403,CTCCGGCCGGCGTGTGCGAGTGCGCCCCTGGCTGTGAGTGTTGACCGTTCCTCTCCCCTGTACATAGCCCGAGCCAGTCCTGAGTGGGTGACTCCTGAGT,CLUH,
NM_015275.1:1485,KIAA1033,NM_015275.1,1486-1585,CCAATGACCAAAACCTCAGTTAAGGCATTGTGCAGGCTTGTTGAACTTCTCAAGGCAATAGAGCATATGTTCTACAGGAGAAGCATGGTTGTGGCTGATT,KIAA1033,
NM_015507.2:1495,EGFL6,NM_015507.2,1496-1595,TTGACTGGAATCCTGCTGATCGAGATAATGCTATTGGCTTCTATATGGCAGTTCCGGCCTTGGCAGGTCACAAGAAAGACATTGGCCGATTGAAACTTCT,EGFL6,
NM_015508.3:835,TIPARP,NM_015508.3,836-935,CCAATACATTCTGGACACCAGTGATAAGCTGAGTACTGAGCTCTTTCAGGACAAAAGTGAAGAGGCTTCCCTTGACCTCGTGTTTGAGCTGGTGAACCAG,TIPARP,
NM_015678.3:8645,NBEA,NM_015678.3,8646-8745,CTGAGAGCCCTTGAAGGACCAGAAAACTGCTTATTCCCACGCTTGATATCTGTCTCCAGCGAAGGCCACTGTATCATATACTATGAACGAGGGCGATTCA,NBEA,
NM_015850.2:1335,FGFR1,NM_015850.2,1336-1435,TACAAGGTCCGTTATGCCACCTGGAGCATCATAATGGACTCTGTGGTGCCCTCTGACAAGGGCAACTACACCTGCATTGTGGAGAATGAGTACGGCAGCA,FGFR1,
NM_015895.3:405,GMNN,NM_015895.3,406-505,AACTCTGAAGATGATTCAGCCTTCTGCATCTGGATCTCTTGTTGGAAGAGAAAATGAGCTGTCCGCAGGCTTGTCCAAAAGGAAACATCGGAATGACCAC,GMNN,
NM_015966.2:1130,ERGIC3,NM_015966.2,1131-1230,CATGTTCACAGTGGCTGGACTCATCGATTCGCTCATCTACCACTCAGCACGAGCCATCCAGAAGAAAATTGATCTAGGGAAGACAACGTAGTCACCCTCG,ERGIC3,
NM_016029.1:480,DHRS7,NM_016029.1,481-580,TGGTCAACAATGGTGGAATGTCCCAGCGTTCTCTGTGCATGGATACCAGCTTGGATGTCTACAGAAAGCTAATAGAGCTTAACTACTTAGGGACGGTGTC,DHRS7,
NM_016436.3:3640,PHF20,NM_016436.3,3641-3740,GTCTTGGCTGCCCTGCTTTCTCCTTAGGACTCTTCACTTTTCTCACCACATCTCTTGCATGACTTCATGGTACTGGGGACAAGTTTGTATGCCTTCACCC,PHF20,
NM_016565.2:434,COA4,NM_016565.2,435-534,GAAGAAATCCTAAATGCTGGTGTGGGAGGTCTAAAACATGGGGAGAGTTTTTGGATCTGGAGTTGAGAGCCATGGGTTTGGACATGACTGGCACAAACAG,CHCHD8,
NM_017617.3:735,NOTCH1,NM_017617.3,736-835,CTGCCAGGCTTCACCGGCCAGAACTGTGAGGAAAATATCGACGATTGTCCAGGAAACAACTGCAAGAACGGGGGTGCCTGTGTGGACGGCGTGAACACCT,NOTCH1,
NM_017646.4:1185,TRIT1,NM_017646.4,1186-1285,AGAGAAGTTATCACCTGTGTGACCTCTGTGATCGAATCATCATTGGGGATCGCGAATGGGCAGCGCACATAAAATCCAAATCCCACTTGAACCAACTGAA,TRIT1,
NM_017905.4:2070,TMCO3,NM_017905.4,2071-2170,GTTTGTGGCGTACGAGCTCACGGTGCTGGTGTTCCTCACCTTGTCAGTGGTGGTGATGAAGTTTCTCCTGGCGGCGCTGGTCCTGTCTCTCATTCTGCCG,TMCO3,
NM_017919.2:604,STX17,NM_017919.2,605-704,TATGCCTTACCTGAAATTCCTCAAGATCAAAATGCTGCAGAATCGTGGGAAACCTTAGAAGCGGACTTAATTGAACTTAGCCAACTGGTCACTGACTTCT,STX17,
NM_017974.3:2405,ATG16L1,NM_017974.3,2406-2505,GTCCTTCCAAAGTCGGTTCTGGCCTAACGCATGTCCCAACACCTTGGGTTCATTTGCCCGGTGAACTCACTTTAAGCATTGGATTAACGGAAACTCCCGA,ATG16L1,
NM_018004.1:720,TMEM45A,NM_018004.1,721-820,TATCTTCTACAACCACACTCATGGCCGGGAAATGCTGGACATCTTTGTGCACCAGCTGCTGGTTTTGGTCGTCTTTCTGACAGGCCTCGTTGCCTTCCTA,TMEM45A,
NM_018101.2:1665,CDCA8,NM_018101.2,1666-1765,TCCCTGTTTACTGAAGACCAAATACTGGTTTGGAGACAACTTCCATGTCTTGCTCTTCTACCTCCCTAGTTAGTGGAAATTTGGATAAGGGAACTGTAGG,CDCA8,
NM_018171.3:791,APPL2,NM_018171.3,792-891,AAGCAAATGGCCATGATGGAGCCCATGATAGGCTTTGCCCATGGACAGATTAACTTTTTTAAGAAGGGAGCAGAGATGTTTTCCAAACGTATGGACAGCT,APPL2,
NM_018191.3:485,RCBTB1,NM_018191.3,486-585,GATTAAAAGCCTCAGTTACGGGAGTGGACCACATGTTCTTCTCAGCACCGAAGATGGAGTGGTTTATGCCTGGGGCCACAATGGATATAGCCAGCTTGGG,RCBTB1,
NM_018430.3:506,TSNAXIP1,NM_018430.3,507-606,CGATTACAGCCACGGCCTTCAGGAGTGACCATAGACGAATCCTTTCTCACAGAAGACAAGAGCACCCAGAATCGCAAGCTTCTTCAGAAACGAAGGACGC,TSNAXIP1,
NM_018683.3:1964,RNF114,NM_018683.3,1965-2064,GTAGGAGCAGAACCTCTGATTGACCAAAAGGCATATGGGTTTAGGTTGGTTTTTTGATGTCATATGTCTCTGATGGGGCTGCAAGTGCTACCTCGCGCTT,RNF114,
NM_020066.4:1894,FMN2,NM_020066.4,1895-1994,AAGCAGAGAAGTTTTGCTCCCGGATCATTGCCATGGGTCTTCTCCTTCCTTTTAGTGATTGCTTCAGGGAACCGTGTAATCAGAATGCCCAGACGAATGC,FMN2,
NM_020125.2:3165,SLAMF8,NM_020125.2,3166-3265,ACACCACAACAAATATTGATTGAGGGCGCTGCATGTGCTGGGTACATTTCTTGGCACTTGGGAATCAGTAGTCAAGCGAAACCCTTGCCTTTGAGAGTTT,SLAMF8,
NM_020129.2:350,LGALS14,NM_020129.2,351-450,GGATGGATGAGGACTCAGATATTGCTTTCCAATTCCGACTGCACTTTGGTCATCCTGCAATCATGAACAGTTGTGTGTTTGGCATATGGAGATATGAGGA,LGALS14,
NM_020190.2:1525,OLFML3,NM_020190.2,1526-1625,GCCCGAAGAGTCAAAACCCTCAATGTTCCCTCCTGCTCTCCTGCCCCATGTCAACAAATTTCAGGCTAAGGATGCCCCAGACCCAGGGCTCTAACCTTGT,OLFML3,
NM_020200.6:1322,PRTFDC1,NM_020200.6,1323-1422,CAGTGTACAATGAATCTTAATGATGTTATGAAACGAGCTTTGCTCGGGGCTCTTGATTGGAGCTTCCGGTATGTGATGACGGTATGTCATGTATGCATGG,PRTFDC1,
NM_020342.2:2750,SLC39A10,NM_020342.2,2751-2850,AGTCAGTGGCTTGCACTACTTACAAGTTTCATAGATTTGAGCCTAACCACAAGAGGCTGGTGCTTAGTACTGTTTTCCCTGCACGTAGGGGTCTTTTAAA,SLC39A10,
NM_020375.2:5245,C12orf5,NM_020375.2,5246-5345,GCTATGTCATACTCAGCAAGGACATGCTCATATTAGGGGAAGCACATAAAGTAAGATATCCCTGAGAGAACAGTGCATCTCACACCCATTCCATGGCTTA,TIGAR,
NM_020403.3:3580,PCDH9,NM_020403.3,3581-3680,AGGAACTCCCTTTGGACAACACCTTTGTTGGGGGTTGTGACACCCTTTCTAAACGCTCTTCCACTAGTTCAGATCACTTCAGTGCCTCAGAGTGCAGTTC,PCDH9,
NM_020525.4:319,IL22,NM_020525.4,320-419,CTATCTGATGAAGCAGGTGCTGAACTTCACCCTTGAAGAAGTGCTGTTCCCTCAATCTGATAGGTTCCAGCCTTATATGCAGGAGGTGGTGCCCTTCCTG,IL22,
NM_020732.3:6335,ARID1B,NM_020732.3,6336-6435,TGCTACATTAGTTAGGTACGTTGGGGATCGCAAAAACCCAGTCTGTCGAGAAATGTCCATGGCGCTTTTATCGAACCTTGCCCAAGGGGACGCACTAGCA,ARID1B,
NM_020796.3:1260,SEMA6A,NM_020796.3,1261-1360,AGCCACAGTGACTGACTTCCTTGCCATTGACGCAGTCATTTACCGGAGTCTTGGAGAAAGCCCTACCCTGCGGACCGTCAAGCACGATTCAAAATGGTTG,SEMA6A,
NM_021063.2:9,HIST1H2BD,NM_021063.2,10-109,CTCAGGTGTTTGCAACAGTGTTCTAACTATTAACGCTACGATGCCTGAACCTACCAAGTCTGCTCCTGCCCCAAAGAAGGGCTCCAAGAAGGCGGTGACT,HIST1H2BD,
NM_021131.4:921,PPP2R4,NM_021131.4,922-1021,CACTTTGTGGATGAGAAGGCCGTGAATGAGAACCACAAGGACTACATGTTCCTGGAGTGTATCCTGTTTATTACCGAGATGAAGACTGGCCCATTTGCAG,PPP2R4,
NM_021133.3:1094,RNASEL,NM_021133.3,1095-1194,GCTGTTGAACTCAAACTGAAGAAAATCGCCGAGTTGCTGTGCAAACGTGGAGCCAGTACAGATTGTGGGGATCTTGTTATGACAGCGAGGCGGAATTATG,RNASEL,
NM_021144.3:134,PSIP1,NM_021144.3,135-234,TTCGCCAAGATGAAAGGTTATCCCCATTGGCCAGCTCGAGTAGACGAAGTTCCTGATGGAGCTGTAAAGCCACCCACAAACAAACTACCCATTTTCTTTT,PSIP1,
NM_021181.3:2355,SLAMF7,NM_021181.3,2356-2455,ACCAACACAGAGCTCACCATCTCTTATACTTAAGTGAAAAACATGGGGAAGGGGAAAGGGGAATGGCTGCTTTTGATATGTTCCCTGACACATATCTTGA,SLAMF7,
NM_021631.2:352,FKSG2,NM_021631.2,353-452,TGAAGAACAAATCAAGCACATCTTTGCTAATTTTCAAAACTACCAGTTCTTTATTGGTGAAAACCTAAATCCACCTGGCATGGTTGCTCTGCTGAACTAC,FKSG2,
NM_021645.5:1437,UTP14C,NM_021645.5,1438-1537,CTATGAGGCCAAGGCTCGAAAAGAGAAGAAAATCAAAAGTAAAAAGTATCACAAAGTCGTGAAGAAAGGAAAGGCCAAGAAAGCCTTAAAAGAGTTTGAG,UTP14C,
NM_021913.2:2190,AXL,NM_021913.2,2191-2290,AGCTGGAGGATTTCCTGAGTGAAGCGGTCTGCATGAAGGAATTTGACCATCCCAACGTCATGAGGCTCATCGGTGTCTGTTTCCAGGGTTCTGAACGAGA,AXL,
NM_021999.2:700,ITM2B,NM_021999.2,701-800,GTGCTATGTGATCCCTCTGAACACTTCCATTGTTATGCCACCCAGAAACCTACTGGAGTTACTTATTAACATCAAGGCTGGAACCTATTTGCCTCAGTCC,ITM2B,
NM_022454.3:1374,SOX17,NM_022454.3,1375-1474,AGCCACGGGGCCATTTCCTCGGTGGTGTCCGACGCCAGCTCCGCGGTATATTACTGCAACTATCCTGACGTGTGACAGGTCCCTGATCCGCCCCAGCCTG,SOX17,
NM_022965.2:3170,FGFR3,NM_022965.2,3171-3270,GGACCTGTATATTTGTAAAGCTATTTATGGGCCCCTGGCACTCTTGTTCCCACACCCCAACACTTCCAGCATTTAGCTGGCCACATGGCGGAGAGTTTTA,FGFR3,
NM_023039.4:1454,ANKRA2,NM_023039.4,1455-1554,ATGCTCTTAGAAAGTGGGGCTGATCCAACAATTGAAACTGACTCTGGATATAATTCTATGGATCTAGCTGTAGCCCTAGGCTATAGAAGTGTTCAACAGG,ANKRA2,
NM_024036.4:561,LRFN4,NM_024036.4,562-661,GGTGGACCTGACACTGTCTCGCAATGCCATCACCCGCATTGGGGCCCGCGCCTTTGGGGACCTCGAGAGCCTGCGTTCCCTCCACCTTGACGGCAACAGG,LRFN4,
NM_024067.2:178,C7orf26,NM_024067.2,179-278,GCGCGCAGCCCAAGAGACTGAATTCCCTTCAGGAGCTTCAACTTCTTGAAATCATGTGCAATTATTTCCAGGAGCAAACCAAGGACTCTGTTCGGCAGAT,C7orf26,
NM_024663.3:529,NPEPL1,NM_024663.3,530-629,GAAGAAGACGGTCACCGTGGAGTTTTTCCTGGTGGGACAAGACAACGGGCCGGTGGAGGTGTCCACATTGCAGTGCTTAGCGAATGCCACAGACGGCGTG,NPEPL1,
NM_024708.3:1280,ASB7,NM_024708.3,1281-1380,ACCACAATGCCAACATCGACATTCAGAATGGTTTCCTGTTGCGATACGCCGTGATCAAAAGCAATCACTCTTATTGCCGAATGTTCCTTCAGAGAGGGGC,ASB7,
NM_024721.4:3495,ZFHX4,NM_024721.4,3496-3595,GAGGGTGCAGTGAATCCCGAATCCTGCTATTACTACTGTGCCGTGTGTGATTACACCACCAAGGTCAAGTTGAATCTGGTACAACATGTCCGTTCGGTGA,ZFHX4,
NM_024812.2:615,BAALC,NM_024812.2,616-715,AAGAATCACAAAGAACTGTGTCAACTAGCAGAGAGTCCAAGCAGAAGGGCAGATGGACTTCTTCAGTGTCCTTCACGGCACTGGATCCCATCAAAGAACC,BAALC,
NM_024837.2:95,ATP8B4,NM_024837.2,96-195,TTGAGGTAGGCCACCTGTTGAGACCTGGTGAAAGATCAGGTATAATAATGTTCTGCAGTGAAAAGAAATTGCGTGAAGTGGAACGGATAGTGAAAGCCAA,ATP8B4,
NM_024844.3:1125,NUP85,NM_024844.3,1126-1225,GAGACGAAGCTGCCTTGTTAGAGCAGAAGGAACTTCTGAGTAATTGGTATCATTTCCTAGTGACTCGGCTCTTGTACTCCAATCCCACAGTAAAACCCAT,NUP85,
NM_025080.3:764,ASRGL1,NM_025080.3,765-864,GATTGTCAAAAAAACTTGGGAACCGTGGGTGCTGTTGCCTTGGACTGCAAAGGGAATGTAGCCTACGCAACCTCCACAGGCGGTATCGTTAATAAAATGG,ASRGL1,
NM_025194.2:3164,ITPKC,NM_025194.2,3165-3264,GCTGGGCTGGCGGACAGGCACCTACCTCTTCCTTAAGCTGAAGCTCCCACACTGTCTTCCAGGGCTGAGGAGATGCTCTCCTTTTCTACTGACCATCTTG,ITPKC,
NM_025231.1:96,ZSCAN16,NM_025231.1,97-196,CAGAATGACCACAGCCCTGGAACCTGAGGACCAAAAAGGACTTCTGATAATTAAGGCAGAGGACCATTACTGGGGACAGGATTCCAGCTCACAAAAGTGC,ZSCAN16,
NM_030877.3:855,CTNNBL1,NM_030877.3,856-955,TGATGCCAACAAACTGTATTGCAGTGAAGTGCTGGCCATATTGCTCCAGGACAATGATGAAAACAGGGAATTGCTTGGGGAGCTGGATGGAATCGATGTG,CTNNBL1,
NM_030941.2:1060,LOC81691,NM_030941.2,1061-1160,CAAGATTCTGGACTACCTCACCAGCTTTTCGGGAATCACGAAGAAGATTCTTAACCCAGTGACGACCAAACTCAAAGATGTACAGAGGCAGTTAAAAGCA,LOC81691,
NM_030952.1:2200,NUAK2,NM_030952.1,2201-2300,GTGTCTGTCTTCAGCCCTGCTGAACGAAGAGGATACTAAAGAGAGGGGAACGGGAATGCCCGCGACAGAGTCCACATTGCCTGTTTCTTGTGTACATGGG,NUAK2,
NM_030974.3:1256,SHARPIN,NM_030974.3,1257-1356,TCTCAGAGCTCGGTTTCCCGCCAGCCGTGCAACGCTGGGTCATCGGACGGTGCCTGTGTGTGCCTGAGCGCAGCCTTGCCTCTTACGGGGTTCGGCAGGA,SHARPIN,
NM_031283.1:2215,TCF7L1,NM_031283.1,2216-2315,TGCAGCTCTGCCATTGTGACATTTCCTGTTACCCAGCCCAAGTTTTCATCGTCTGCTCAATACCGTGGGTTCTTCTTCGTCCTCTGTCCTCTGCCCAGTG,TCF7L1,
NM_031448.3:3230,C19orf12,NM_031448.3,3231-3330,TTGGGGGACACTTTTTCCATGTTGAACAAATGCCAACTTCTCCGGTTGCTTACAGCAAATCCTTCTGGAACAATCGGGGCTGAAATTGAGTTGCCTTTGT,C19orf12,
NM_031476.3:2575,CRISPLD2,NM_031476.3,2576-2675,CTGGTTCACACCCAGGACTTTTCTTTGCAAGCGAACCTGTTTGAAGCCCAAGTCTTAACTCCTGGTCTCGTAAGGTTCCACTGAGACGAGATGTCTGAGA,CRISPLD2,
NM_032199.1:6925,ARID5B,NM_032199.1,6926-7025,AAAGTCACATTTGGTGGTGGTCAGCCAAGTCGCATCTGGTCTAGTTTTACTCTTGTCCCAATTTTAAAGAGAAATGGGAATGAGTTTGCCCTGGTGAGAC,ARID5B,
NM_032351.3:1350,MRPL45,NM_032351.3,1351-1450,TTTTTCCCACAGCAGGGACTGTGAGAGACAACCAGCAGCATCCTCTTTGTAATCACAGGGCAGGGATCAGAGTTTGAAATGAAATGTTGTCAGGGTGTTG,MRPL45,
NM_032375.3:1850,AKT1S1,NM_032375.3,1851-1950,TAGTCGCTGGACAGCTCTTTTTTTGATTGGCTCAAATCCTGTAAAGGGCTTGACCAGTCTCTACATAGTCACCGTCCGCTTTTCCTGAGTTCTCCCTCCC,AKT1S1,
NM_032514.2:404,MAP1LC3A,NM_032514.2,405-504,ACCAGCACAGCATGGTGAGTGTGTCCACGCCCATCGCGGACATCTACGAGCAGGAGAAAGACGAGGACGGCTTCCTCTATATGGTCTACGCCTCCCAGGA,MAP1LC3A,
NM_032525.1:1395,TUBB6,NM_032525.1,1396-1495,AGCCGCCCCAACTCAGATCCTACAACACGCAAGTTCCTTCTTGAACCCTGGTGCCTCCTACCCTATGGCCCTGAATGGTGCACTGGTTTAATTGTGTTGG,TUBB6,
NM_032593.2:265,HINT2,NM_032593.2,266-365,ACATTCTCTATGAGGACCAGCAGTGTCTTGTGTTCCGTGATGTGGCCCCTCAGGCTCCTGTGCACTTCCTGGTCATTCCTAAGAAGCCCATTCCTCGGAT,HINT2,
NM_032739.1:612,MDM2,NM_032739.1,613-712,GACATCAAAGAAGTCAGGCAAAACTCATCTTGACCCCTGTTGCAGGCAAAGGAACGCAGCTGGAAGAAAAGATGATATAACAGTTAACAGGATGCAGACA,MDM2,
NM_033137.1:315,FGF1,NM_033137.1,316-415,AAATGAGGAATGTTTGTTCCTGGAAAGGCTGGAGGAGAACCATTACAACACCTATATATCCAAGAAGCATGCAGAGAAGAATTGGTTTGTTGGCCTCAAG,FGF1,
NM_052857.2:380,ZNF830,NM_052857.2,381-480,TACAGCCCTCCACATCTGCGTGGACCACCAACTTTGACAAAATAGGAAAGGAGTTCATTAGAGCGACTCCCAGTAAGCCTTCAGGACTCAGTTTACTCCC,ZNF830,
NM_053056.2:690,CCND1,NM_053056.2,691-790,TTGAACACTTCCTCTCCAAAATGCCAGAGGCGGAGGAGAACAAACAGATCATCCGCAAACACGCGCAGACCTTCGTTGCCCTCTGTGCCACAGATGTGAA,CCND1,
NM_057158.2:3115,DUSP4,NM_057158.2,3116-3215,GCACCGTAGCATGCAGATGTCAAGGCAGTTAGGAAGTAAATGGTGTCTTGTAGATATGTGCAAGGTAGCATGATGAGCAACTTGAGTTTGTTGCCACTGA,DUSP4,
NM_080860.2:955,RSPH1,NM_080860.2,956-1055,AGGAGTTCCGCTATGACATGGATGAGGGAAACATTAATTCTGAAGAAGAAGAAACTAGACAGTCAGACCTCCAGGACTAAGATGAAGTGAGCCGAGAGGA,RSPH1,
NM_130837.1:1355,OPA1,NM_130837.1,1356-1455,CTGAGACCATATCCTTAAATGTAAAAGGCCCTGGACTACAGAGGATGGTGCTTGTTGACTTACCAGGTGTGATTAATACTGTGACATCAGGCATGGCTCC,OPA1,
NM_138401.2:368,MVB12A,NM_138401.2,369-468,GGGAGCCACGGACACGGCTGTGTTTGATGTCCGGCTGAGTGGGAAGACCAAGACAGTGCCTGGATACCTTCGAATAGGGGACATGGGCGGCTTTGCCATC,MVB12A,
NM_138455.2:685,CTHRC1,NM_138455.2,686-785,CTGTGGAAGGACTTTGTGAAGGAATTGGTGCTGGATTAGTGGATGTTGCTATCTGGGTTGGCACTTGTTCAGATTACCCAAAAGGAGATGCTTCTACTGG,CTHRC1,
NM_138761.3:342,BAX,NM_138761.3,343-442,TTTTTCCGAGTGGCAGCTGACATGTTTTCTGACGGCAACTTCAACTGGGGCCGGGTTGTCGCCCTTTTCTACTTTGCCAGCAAACTGGTGCTCAAGGCCC,BAX,
NM_138959.2:720,VANGL1,NM_138959.2,721-820,GGGGCTCTTTATCTCCATGGCATTCAAACTCCTCATTCTGCTCATAGGGACCTGGGCACTTTTTTTCCGCAAGCGGAGAGCTGACATGCCACGGGTGTTT,VANGL1,
NM_144646.3:435,IGJ,NM_144646.3,436-535,GTGGAGCTGGATAATCAGATAGTTACTGCTACCCAGAGCAATATCTGTGATGAAGACAGTGCTACAGAGACCTGCTACACTTATGACAGAAACAAGTGCT,IGJ,
NM_144661.2:736,C10orf82,NM_144661.2,737-836,AAGATGTATCTAGAGCCACTGTCCTCCGCAAAGTATGCAGAAGGCTAGAAGCGCAGAGTCTCCCAAGGAGGTGAACTTTAAGTGGGGCTTCCAAAACCTG,C10orf82,
NM_144765.1:315,MPZL2,NM_144765.1,316-415,CTAACAGTGACCTGGAATTTTCGTCCTCTAGACGGGGGACCTGAGCAGTTTGTATTCTACTACCACATAGATCCCTTCCAACCCATGAGTGGGCGGTTTA,MPZL2,
NM_144778.2:250,MBNL2,NM_144778.2,251-350,CTGGAAAACTGCAGCTTGGGAGCTTTCTTTGTATTCACATCCCACTCTTCTGTCAAGTACACTTTACCCTGACCTTATGAGTGGATGAAGATACCTCAGT,MBNL2,
NM_145159.1:4225,JAG2,NM_145159.1,4226-4325,ATTTTTGTAAAGTTTCCGTGCGTGGCACTCGCTGTATGAAAGGAGAGAGCAAAGGGTGTCTGCGTCGTCACCAAATCGTAGCGTTTGTTACCAGAGGTTG,JAG2,
NM_145204.3:233,SENP8,NM_145204.3,234-333,AGTCTTGAGTTACATGGACAGTCTACTGCGGCAATCAGATGTCTCACTATTGGATCCGCCAAGCTGGCTCAATGACCATATTATTGGGTTTGCGTTTGAG,SENP8,
NM_152274.3:1117,FAM58A,NM_152274.3,1118-1217,TTGTCCTTTGAGAGGACTTTGACTACAATACAGGCATGACATCAATGAAAGGAAAGTCATGAAATCGATGAGACTGAATCCCTACGGATTTCTTAAAAGC,FAM58A,
NM_152574.2:172,TTC39B,NM_152574.2,173-272,AGAGCAGGAGTCGGCTCTGAGTTCCCTGCTTGGTTTTTGGGTGGCAGCAGCCAGAGGAGGAATATGGCGCTCTTAGGCAGCCGAGCGGAGCTGGAAGCGG,TTC39B.not.P2,
NM_152705.2:1628,POLR1D,NM_152705.2,1629-1728,TTCCTGGCAGCCAAGAAAAGCCCTTTCTACATGCTAGAAGGAAATACATCCAAAAAGTTAGCATTGGAGTGTTAGAAACTAGAATAGACCTCTCCGCCAC,POLR1D,
NM_152739.3:415,HOXA9,NM_152739.3,416-515,ACGCCCGGTGCGCTCTCCTTCGCGGGCTTGCCCTCCAGCCGGCCTTATGGCATTAAACCTGAACCGCTGTCGGCCAGAAGGGGTGACTGTCCCACGCTTG,HOXA9,
NM_152756.3:3097,RICTOR,NM_152756.3,3098-3197,ACTCGGAGTCAACCAGCTCTAGACATAATAGTGAAAGTGAATCTGTGCCATCGAGTATGTTCATATTGGAGGATGACCGGTTTGGCAGCAGCTCTACTAG,RICTOR,
NM_152876.1:1740,FAS,NM_152876.1,1741-1840,TCTCAGGCATCAAAAGCATTTTGAGCAGGAGAGTATTACTAGAGCTTTGCCACCTCTCCATTTTTGCCTTGGTGCTCATCTTAATGGCCTAATGCACCCC,FAS,
NM_153634.2:1020,CPNE8,NM_153634.2,1021-1120,GCTATTGATTTTACAGCATCAAACGGCAACCCTGCTCAGCCCACTTCCCTCCACTACATGAATCCTTACCAACTGAATGCCTATGGTATGGCACTAAAAG,CPNE8,
NM_173075.4:4655,APBB2,NM_173075.4,4656-4755,AAATTCCTTACGCAGTGGTATTCATGATGGTGCCCTATCTAAGTCCAGGACTGTTTTCCTACAGCGTGCCTCAAAAGTGTTGTAGAGGGCAGGATTCTAC,APBB2,
NM_173550.2:2736,CCDC171,NM_173550.2,2737-2836,GTTTTGGCAGCAAACAGACTCAAGATTTTGGGCCAATCATGTGCCTCTCTTTTTACCTGGATGGAGAGTTTCAAAGAAGGCATAGGCATGTTAGTGTGCA,CCDC171,
NM_173822.3:190,FAM126B,NM_173822.3,191-290,GCTGGGAACTGACCGTTGTGTTGTGGAAGAATGGTTATCAGAATTCAAGGCATTACCTGACACTCAGATCACCAGTTATGCAGCAACTTTACACCGGAAA,FAM126B,
NM_177525.1:645,MEST,NM_177525.1,646-745,CTCTGTCTGTCAAATGGAGGTATCTTTCCTGAGACTCACCGTCCACTCCTTCTCCAAAAGCTACTCAAAGATGGAGGTGTGCTGTCACCCATCCTCACAC,MEST,
NM_178452.4:934,DNAAF1,NM_178452.4,935-1034,TTGATGGGAAACCCGGTTATCAGACAGATTCCTAATTACAGAAGGACAGTCACTGTACGACTAAAGCACTTAACATACCTGGATGATAGACCAGTGTTTC,LRRC50,
NM_181828.2:455,NF2,NM_181828.2,456-555,ATCGCTTCCCGCATGAGCTTCAGCTCTCTCAAGAGGAAGCAACCCAAGACGTTCACCGTGAGGATCGTCACCATGGACGCCGAGATGGAGTTCAATTGCG,NF2,
NM_182470.2:1592,PKM,NM_182470.2,1593-1692,ACAGCCAAAGGGGACTATCCTCTGGAGGCTGTGCGCATGCAGCACCTGATAGCTCGTGAGGCTGAGGCAGCCATGTTCCACCGCAAGCTGTTTGAAGAAC,PKM1,
NM_182832.2:8076,PLAC4,NM_182832.2,8077-8176,AGGATTACTCCAGAGGGCAAAACACAGCCCAATAGTATCACATTTCCTTTCTGCTTTAGCAAAAATAACCACTGTCTCATTCATGGGAAAAGGCCGCCAA,PLAC4,
NM_194313.2:370,KIF24,NM_194313.2,371-470,GCATCAAATCTCAGGAATTAAGATCTGGCCCTCGCAGACAGCTGAATTTTGATTCTCCTGCTGACAATAAAGACAGAAATGCCAGCAATGATGGGTTTGA,KIF24,
NM_198213.1:260,OASL,NM_198213.1,261-360,GGCGTTTCTGAGCTGTTTCCACAGCTTCCAGGAGGCAGCCAAGCATCACAAAGATGTTCTGAGGCTGATATGGAAAACCATGTGGCAAAGCCAGGACCTG,OASL,
NM_198325.1:2180,E2F6,NM_198325.1,2181-2280,TGTATGCAGCCTTGCTGTTGAGTCAGTCCAAGGGGTTTTACTTAGGACAAGTTGTACCTTGCCCTCTCTCCAGCTCTGCTCCCACATTTTCACATACCTA,E2F6,
NM_198477.1:440,CXCL17,NM_198477.1,441-540,AACAAGCATTCCAGAGCCTGCCAGCAATTTCTCAAACAATGTCAGCTAAGAAGCTTTGCTCTGCCTTTGTAGGAGCTCTGAGCGCCCACTCTTCCAATTA,CXCL17,
NM_198881.1:1685,TBC1D8B,NM_198881.1,1686-1785,GGCTACTAATCCTGACTATTATACTGAAGTGGTTGAGCAGTCCTTAGGGACCTGCAACTTGGCTACTGAAGAAATTGAACGTGATTTACGTCGCTCTCTG,TBC1D8B,
NM_199487.2:620,UQCC1,NM_199487.2,621-720,CTTATAACCCTACTCCACGTCTGGATGTGTCTAGTCCGAATGAAGCAGGAAGGCCGGAGTGGGAAGTACATGTGTCGTATCATAGTTCATTTTATGTGGG,UQCC,
NM_201282.1:360,EGFR,NM_201282.1,361-460,ACGCAGTTGGGCACTTTTGAAGATCATTTTCTCAGCCTCCAGAGGATGTTCAATAACTGTGAGGTGGTCCTTGGGAATTTGGAAATTACCTATGTGCAGA,EGFR,
NM_207118.2:95,GTF2H5,NM_207118.2,96-195,TTGAAAGGAGTGCTTATAGAATGTGATCCTGCCATGAAGCAGTTTCTGCTGTACTTGGATGAGTCCAATGCCCTGGGGAAGAAGTTCATCATTCAAGACA,GTF2H5,
NR_003670.1:3994,KGFLP2,NR_003670.1,3995-4094,TTTGCTCTTCTGGTTCTCTAGACTGCCAAAGAACATAAAGATGTACAAGGGGACCTAGCTGTAGTAAAAGCATACCTATAACAACAAAAACTCTAAAACG,KGFLP2,
NR_015379.3:1212,UCA1,NR_015379.3,1213-1312,TCTGCAATCAGAACTATTGAACTTCTCCATTCAGACCGCCACTCACACCTATGGGAAAAGGGTAATGTATCATCGGCTTAGCAACAGGGAATACTATTCG,UCA1,
NR_024168.1:2575,TLR4,NR_024168.1,2576-2675,TCATCCATGAAGGTTTCCATAAAAGCCGAAAGGTGATTGTTGTGGTGTCCCAGCACTTCATCCAGAGCCGCTGGTGTATCTTTGAATATGAGATTGCTCA,TLR4,
NR_102363.1:1572,MROH5,NR_102363.1,1573-1672,TGATCCTCCTCAAATTCCTGAACCACAATGGCTACTTGGACCCAAAAGAGGACTTCAAAAGGATTGGGCAATTGGTGGGCATACTGGGGATGCTGTGCCA,MROH5,
TTC39B_P2.1:68,TTC39B,TTC39B_P2.1,69-168,GAAGTGAGGTACAGAGACAGCTGGATTGGTTACAGCCCACAGTTTGCTTTATTTGAACACGGTTCCAACCGTTGGCTACATTTGATGGACCAAAACTCGG,TTC39B.P2,
